model,target,test_year,feature,importance
ridge_all,fwd_ret_1m,2012,z_owner_count,0.0038377896416932344
ridge_all,fwd_ret_1m,2012,z_owner_hhi,0.0019147242419421673
ridge_all,fwd_ret_1m,2012,z_top_owner_share,0.00022786813497077674
ridge_all,fwd_ret_1m,2012,z_fragility_proxy,0.0013659230899065733
ridge_all,fwd_ret_1m,2012,z_avg_manager_breadth,0.0009211759897880256
ridge_all,fwd_ret_1m,2012,z_stock_sell_pressure,0.03908954933285713
ridge_all,fwd_ret_1m,2012,z_network_degree,0.0013782245805487037
ridge_all,fwd_ret_1m,2012,z_network_weighted_degree,0.001469890121370554
ridge_all,fwd_ret_1m,2012,z_network_peer_sell_pressure,0.0054006436839699745
ridge_all,fwd_ret_1m,2012,z_mktcap_proxy,0.0030920240096747875
ridge_all,fwd_ret_1m,2012,z_vol,0.009090100415050983
ridge_all,fwd_ret_1m,2012,z_fragility_proxy_x_stock_sell_pressure,0.003749149153009057
ridge_all,fwd_ret_1m,2012,z_fragility_proxy_x_network_peer_sell_pressure,0.0005561869475059211
ridge_all,fwd_ret_1m,2012,z_owner_hhi_x_stock_sell_pressure,0.001960731577128172
ridge_all,fwd_ret_1m,2012,z_network_weighted_degree_x_network_peer_sell_pressure,0.00028850455419160426
lgbm_all,fwd_ret_1m,2012,z_owner_count,37.0
lgbm_all,fwd_ret_1m,2012,z_owner_hhi,11.0
lgbm_all,fwd_ret_1m,2012,z_top_owner_share,18.0
lgbm_all,fwd_ret_1m,2012,z_fragility_proxy,15.0
lgbm_all,fwd_ret_1m,2012,z_avg_manager_breadth,15.0
lgbm_all,fwd_ret_1m,2012,z_stock_sell_pressure,125.0
lgbm_all,fwd_ret_1m,2012,z_network_degree,19.0
lgbm_all,fwd_ret_1m,2012,z_network_weighted_degree,106.0
lgbm_all,fwd_ret_1m,2012,z_network_peer_sell_pressure,41.0
lgbm_all,fwd_ret_1m,2012,z_mktcap_proxy,96.0
lgbm_all,fwd_ret_1m,2012,z_vol,100.0
lgbm_all,fwd_ret_1m,2012,z_fragility_proxy_x_stock_sell_pressure,7.0
lgbm_all,fwd_ret_1m,2012,z_fragility_proxy_x_network_peer_sell_pressure,3.0
lgbm_all,fwd_ret_1m,2012,z_owner_hhi_x_stock_sell_pressure,23.0
lgbm_all,fwd_ret_1m,2012,z_network_weighted_degree_x_network_peer_sell_pressure,14.0
lgbm_no_network,fwd_ret_1m,2012,z_owner_count,14.0
lgbm_no_network,fwd_ret_1m,2012,z_owner_hhi,9.0
lgbm_no_network,fwd_ret_1m,2012,z_top_owner_share,5.0
lgbm_no_network,fwd_ret_1m,2012,z_fragility_proxy,6.0
lgbm_no_network,fwd_ret_1m,2012,z_avg_manager_breadth,3.0
lgbm_no_network,fwd_ret_1m,2012,z_stock_sell_pressure,74.0
lgbm_no_network,fwd_ret_1m,2012,z_mktcap_proxy,32.0
lgbm_no_network,fwd_ret_1m,2012,z_vol,23.0
lgbm_no_network,fwd_ret_1m,2012,z_fragility_proxy_x_stock_sell_pressure,1.0
lgbm_no_network,fwd_ret_1m,2012,z_owner_hhi_x_stock_sell_pressure,13.0
lgbm_network_pressure,fwd_ret_1m,2012,z_stock_sell_pressure,490.0
lgbm_network_pressure,fwd_ret_1m,2012,z_network_degree,94.0
lgbm_network_pressure,fwd_ret_1m,2012,z_network_weighted_degree,341.0
lgbm_network_pressure,fwd_ret_1m,2012,z_network_peer_sell_pressure,122.0
lgbm_network_pressure,fwd_ret_1m,2012,z_fragility_proxy_x_stock_sell_pressure,54.0
lgbm_network_pressure,fwd_ret_1m,2012,z_fragility_proxy_x_network_peer_sell_pressure,31.0
lgbm_network_pressure,fwd_ret_1m,2012,z_owner_hhi_x_stock_sell_pressure,72.0
lgbm_network_pressure,fwd_ret_1m,2012,z_network_weighted_degree_x_network_peer_sell_pressure,86.0
ridge_all,fwd_ret_1m,2013,z_owner_count,0.0022784515749663115
ridge_all,fwd_ret_1m,2013,z_owner_hhi,0.00018938064749818295
ridge_all,fwd_ret_1m,2013,z_top_owner_share,0.0013094033347442746
ridge_all,fwd_ret_1m,2013,z_fragility_proxy,0.0016364691546186805
ridge_all,fwd_ret_1m,2013,z_avg_manager_breadth,0.001913038664497435
ridge_all,fwd_ret_1m,2013,z_stock_sell_pressure,0.03992755338549614
ridge_all,fwd_ret_1m,2013,z_network_degree,0.0012929433723911643
ridge_all,fwd_ret_1m,2013,z_network_weighted_degree,0.0020908957812935114
ridge_all,fwd_ret_1m,2013,z_network_peer_sell_pressure,0.004727649502456188
ridge_all,fwd_ret_1m,2013,z_mktcap_proxy,0.003138200147077441
ridge_all,fwd_ret_1m,2013,z_vol,0.008732669986784458
ridge_all,fwd_ret_1m,2013,z_fragility_proxy_x_stock_sell_pressure,0.0034485969226807356
ridge_all,fwd_ret_1m,2013,z_fragility_proxy_x_network_peer_sell_pressure,0.00014495235518552363
ridge_all,fwd_ret_1m,2013,z_owner_hhi_x_stock_sell_pressure,0.0011827016714960337
ridge_all,fwd_ret_1m,2013,z_network_weighted_degree_x_network_peer_sell_pressure,0.00010199859389103949
lgbm_all,fwd_ret_1m,2013,z_owner_count,27.0
lgbm_all,fwd_ret_1m,2013,z_owner_hhi,6.0
lgbm_all,fwd_ret_1m,2013,z_top_owner_share,16.0
lgbm_all,fwd_ret_1m,2013,z_fragility_proxy,9.0
lgbm_all,fwd_ret_1m,2013,z_avg_manager_breadth,13.0
lgbm_all,fwd_ret_1m,2013,z_stock_sell_pressure,128.0
lgbm_all,fwd_ret_1m,2013,z_network_degree,19.0
lgbm_all,fwd_ret_1m,2013,z_network_weighted_degree,59.0
lgbm_all,fwd_ret_1m,2013,z_network_peer_sell_pressure,37.0
lgbm_all,fwd_ret_1m,2013,z_mktcap_proxy,75.0
lgbm_all,fwd_ret_1m,2013,z_vol,74.0
lgbm_all,fwd_ret_1m,2013,z_fragility_proxy_x_stock_sell_pressure,6.0
lgbm_all,fwd_ret_1m,2013,z_fragility_proxy_x_network_peer_sell_pressure,10.0
lgbm_all,fwd_ret_1m,2013,z_owner_hhi_x_stock_sell_pressure,23.0
lgbm_all,fwd_ret_1m,2013,z_network_weighted_degree_x_network_peer_sell_pressure,8.0
lgbm_no_network,fwd_ret_1m,2013,z_owner_count,26.0
lgbm_no_network,fwd_ret_1m,2013,z_owner_hhi,9.0
lgbm_no_network,fwd_ret_1m,2013,z_top_owner_share,13.0
lgbm_no_network,fwd_ret_1m,2013,z_fragility_proxy,16.0
lgbm_no_network,fwd_ret_1m,2013,z_avg_manager_breadth,8.0
lgbm_no_network,fwd_ret_1m,2013,z_stock_sell_pressure,137.0
lgbm_no_network,fwd_ret_1m,2013,z_mktcap_proxy,59.0
lgbm_no_network,fwd_ret_1m,2013,z_vol,39.0
lgbm_no_network,fwd_ret_1m,2013,z_fragility_proxy_x_stock_sell_pressure,5.0
lgbm_no_network,fwd_ret_1m,2013,z_owner_hhi_x_stock_sell_pressure,18.0
lgbm_network_pressure,fwd_ret_1m,2013,z_stock_sell_pressure,135.0
lgbm_network_pressure,fwd_ret_1m,2013,z_network_degree,29.0
lgbm_network_pressure,fwd_ret_1m,2013,z_network_weighted_degree,103.0
lgbm_network_pressure,fwd_ret_1m,2013,z_network_peer_sell_pressure,36.0
lgbm_network_pressure,fwd_ret_1m,2013,z_fragility_proxy_x_stock_sell_pressure,12.0
lgbm_network_pressure,fwd_ret_1m,2013,z_fragility_proxy_x_network_peer_sell_pressure,6.0
lgbm_network_pressure,fwd_ret_1m,2013,z_owner_hhi_x_stock_sell_pressure,20.0
lgbm_network_pressure,fwd_ret_1m,2013,z_network_weighted_degree_x_network_peer_sell_pressure,19.0
ridge_all,fwd_ret_1m,2014,z_owner_count,0.0018034267704933882
ridge_all,fwd_ret_1m,2014,z_owner_hhi,0.0013538266066461802
ridge_all,fwd_ret_1m,2014,z_top_owner_share,0.0021919363643974066
ridge_all,fwd_ret_1m,2014,z_fragility_proxy,0.0013942790683358908
ridge_all,fwd_ret_1m,2014,z_avg_manager_breadth,0.002368656452745199
ridge_all,fwd_ret_1m,2014,z_stock_sell_pressure,0.03790580853819847
ridge_all,fwd_ret_1m,2014,z_network_degree,0.0037002405151724815
ridge_all,fwd_ret_1m,2014,z_network_weighted_degree,0.0019529114942997694
ridge_all,fwd_ret_1m,2014,z_network_peer_sell_pressure,0.004278312437236309
ridge_all,fwd_ret_1m,2014,z_mktcap_proxy,0.0025304981973022223
ridge_all,fwd_ret_1m,2014,z_vol,0.009148841723799706
ridge_all,fwd_ret_1m,2014,z_fragility_proxy_x_stock_sell_pressure,0.003606545040383935
ridge_all,fwd_ret_1m,2014,z_fragility_proxy_x_network_peer_sell_pressure,8.60878499224782e-05
ridge_all,fwd_ret_1m,2014,z_owner_hhi_x_stock_sell_pressure,0.0010180262615904212
ridge_all,fwd_ret_1m,2014,z_network_weighted_degree_x_network_peer_sell_pressure,0.0001130243472289294
lgbm_all,fwd_ret_1m,2014,z_owner_count,3.0
lgbm_all,fwd_ret_1m,2014,z_owner_hhi,0.0
lgbm_all,fwd_ret_1m,2014,z_top_owner_share,0.0
lgbm_all,fwd_ret_1m,2014,z_fragility_proxy,0.0
lgbm_all,fwd_ret_1m,2014,z_avg_manager_breadth,0.0
lgbm_all,fwd_ret_1m,2014,z_stock_sell_pressure,14.0
lgbm_all,fwd_ret_1m,2014,z_network_degree,1.0
lgbm_all,fwd_ret_1m,2014,z_network_weighted_degree,0.0
lgbm_all,fwd_ret_1m,2014,z_network_peer_sell_pressure,2.0
lgbm_all,fwd_ret_1m,2014,z_mktcap_proxy,6.0
lgbm_all,fwd_ret_1m,2014,z_vol,3.0
lgbm_all,fwd_ret_1m,2014,z_fragility_proxy_x_stock_sell_pressure,0.0
lgbm_all,fwd_ret_1m,2014,z_fragility_proxy_x_network_peer_sell_pressure,0.0
lgbm_all,fwd_ret_1m,2014,z_owner_hhi_x_stock_sell_pressure,1.0
lgbm_all,fwd_ret_1m,2014,z_network_weighted_degree_x_network_peer_sell_pressure,0.0
lgbm_no_network,fwd_ret_1m,2014,z_owner_count,0.0
lgbm_no_network,fwd_ret_1m,2014,z_owner_hhi,1.0
lgbm_no_network,fwd_ret_1m,2014,z_top_owner_share,1.0
lgbm_no_network,fwd_ret_1m,2014,z_fragility_proxy,3.0
lgbm_no_network,fwd_ret_1m,2014,z_avg_manager_breadth,0.0
lgbm_no_network,fwd_ret_1m,2014,z_stock_sell_pressure,11.0
lgbm_no_network,fwd_ret_1m,2014,z_mktcap_proxy,7.0
lgbm_no_network,fwd_ret_1m,2014,z_vol,4.0
lgbm_no_network,fwd_ret_1m,2014,z_fragility_proxy_x_stock_sell_pressure,0.0
lgbm_no_network,fwd_ret_1m,2014,z_owner_hhi_x_stock_sell_pressure,3.0
lgbm_network_pressure,fwd_ret_1m,2014,z_stock_sell_pressure,0.0
lgbm_network_pressure,fwd_ret_1m,2014,z_network_degree,5.0
lgbm_network_pressure,fwd_ret_1m,2014,z_network_weighted_degree,11.0
lgbm_network_pressure,fwd_ret_1m,2014,z_network_peer_sell_pressure,3.0
lgbm_network_pressure,fwd_ret_1m,2014,z_fragility_proxy_x_stock_sell_pressure,6.0
lgbm_network_pressure,fwd_ret_1m,2014,z_fragility_proxy_x_network_peer_sell_pressure,0.0
lgbm_network_pressure,fwd_ret_1m,2014,z_owner_hhi_x_stock_sell_pressure,3.0
lgbm_network_pressure,fwd_ret_1m,2014,z_network_weighted_degree_x_network_peer_sell_pressure,2.0
ridge_all,fwd_ret_1m,2015,z_owner_count,0.0013498567277565598
ridge_all,fwd_ret_1m,2015,z_owner_hhi,7.221284613478929e-05
ridge_all,fwd_ret_1m,2015,z_top_owner_share,0.0012638084590435028
ridge_all,fwd_ret_1m,2015,z_fragility_proxy,0.0014146800385788083
ridge_all,fwd_ret_1m,2015,z_avg_manager_breadth,0.0024148125667124987
ridge_all,fwd_ret_1m,2015,z_stock_sell_pressure,0.03702897951006889
ridge_all,fwd_ret_1m,2015,z_network_degree,0.003389243269339204
ridge_all,fwd_ret_1m,2015,z_network_weighted_degree,0.001766849309206009
ridge_all,fwd_ret_1m,2015,z_network_peer_sell_pressure,0.004093347117304802
ridge_all,fwd_ret_1m,2015,z_mktcap_proxy,0.001881074858829379
ridge_all,fwd_ret_1m,2015,z_vol,0.0086783766746521
ridge_all,fwd_ret_1m,2015,z_fragility_proxy_x_stock_sell_pressure,0.004504884127527475
ridge_all,fwd_ret_1m,2015,z_fragility_proxy_x_network_peer_sell_pressure,0.00023437011986970901
ridge_all,fwd_ret_1m,2015,z_owner_hhi_x_stock_sell_pressure,0.00054608762729913
ridge_all,fwd_ret_1m,2015,z_network_weighted_degree_x_network_peer_sell_pressure,0.0001586638536537066
lgbm_all,fwd_ret_1m,2015,z_owner_count,3.0
lgbm_all,fwd_ret_1m,2015,z_owner_hhi,1.0
lgbm_all,fwd_ret_1m,2015,z_top_owner_share,1.0
lgbm_all,fwd_ret_1m,2015,z_fragility_proxy,0.0
lgbm_all,fwd_ret_1m,2015,z_avg_manager_breadth,1.0
lgbm_all,fwd_ret_1m,2015,z_stock_sell_pressure,4.0
lgbm_all,fwd_ret_1m,2015,z_network_degree,1.0
lgbm_all,fwd_ret_1m,2015,z_network_weighted_degree,0.0
lgbm_all,fwd_ret_1m,2015,z_network_peer_sell_pressure,3.0
lgbm_all,fwd_ret_1m,2015,z_mktcap_proxy,7.0
lgbm_all,fwd_ret_1m,2015,z_vol,3.0
lgbm_all,fwd_ret_1m,2015,z_fragility_proxy_x_stock_sell_pressure,3.0
lgbm_all,fwd_ret_1m,2015,z_fragility_proxy_x_network_peer_sell_pressure,0.0
lgbm_all,fwd_ret_1m,2015,z_owner_hhi_x_stock_sell_pressure,1.0
lgbm_all,fwd_ret_1m,2015,z_network_weighted_degree_x_network_peer_sell_pressure,2.0
lgbm_no_network,fwd_ret_1m,2015,z_owner_count,0.0
lgbm_no_network,fwd_ret_1m,2015,z_owner_hhi,1.0
lgbm_no_network,fwd_ret_1m,2015,z_top_owner_share,0.0
lgbm_no_network,fwd_ret_1m,2015,z_fragility_proxy,3.0
lgbm_no_network,fwd_ret_1m,2015,z_avg_manager_breadth,1.0
lgbm_no_network,fwd_ret_1m,2015,z_stock_sell_pressure,10.0
lgbm_no_network,fwd_ret_1m,2015,z_mktcap_proxy,7.0
lgbm_no_network,fwd_ret_1m,2015,z_vol,4.0
lgbm_no_network,fwd_ret_1m,2015,z_fragility_proxy_x_stock_sell_pressure,0.0
lgbm_no_network,fwd_ret_1m,2015,z_owner_hhi_x_stock_sell_pressure,4.0
lgbm_network_pressure,fwd_ret_1m,2015,z_stock_sell_pressure,0.0
lgbm_network_pressure,fwd_ret_1m,2015,z_network_degree,7.0
lgbm_network_pressure,fwd_ret_1m,2015,z_network_weighted_degree,10.0
lgbm_network_pressure,fwd_ret_1m,2015,z_network_peer_sell_pressure,4.0
lgbm_network_pressure,fwd_ret_1m,2015,z_fragility_proxy_x_stock_sell_pressure,3.0
lgbm_network_pressure,fwd_ret_1m,2015,z_fragility_proxy_x_network_peer_sell_pressure,0.0
lgbm_network_pressure,fwd_ret_1m,2015,z_owner_hhi_x_stock_sell_pressure,5.0
lgbm_network_pressure,fwd_ret_1m,2015,z_network_weighted_degree_x_network_peer_sell_pressure,1.0
ridge_all,fwd_ret_1m,2016,z_owner_count,0.00015567058289889246
ridge_all,fwd_ret_1m,2016,z_owner_hhi,0.0007286035688593984
ridge_all,fwd_ret_1m,2016,z_top_owner_share,0.0004534908221103251
ridge_all,fwd_ret_1m,2016,z_fragility_proxy,0.002243625931441784
ridge_all,fwd_ret_1m,2016,z_avg_manager_breadth,0.0027368031442165375
ridge_all,fwd_ret_1m,2016,z_stock_sell_pressure,0.03557194769382477
ridge_all,fwd_ret_1m,2016,z_network_degree,0.003489807480946183
ridge_all,fwd_ret_1m,2016,z_network_weighted_degree,0.0024049929343163967
ridge_all,fwd_ret_1m,2016,z_network_peer_sell_pressure,0.003997568041086197
ridge_all,fwd_ret_1m,2016,z_mktcap_proxy,0.0016597838839516044
ridge_all,fwd_ret_1m,2016,z_vol,0.00762203149497509
ridge_all,fwd_ret_1m,2016,z_fragility_proxy_x_stock_sell_pressure,0.004757761023938656
ridge_all,fwd_ret_1m,2016,z_fragility_proxy_x_network_peer_sell_pressure,0.00031843670876696706
ridge_all,fwd_ret_1m,2016,z_owner_hhi_x_stock_sell_pressure,0.0005594169488176703
ridge_all,fwd_ret_1m,2016,z_network_weighted_degree_x_network_peer_sell_pressure,8.953407814260572e-05
lgbm_all,fwd_ret_1m,2016,z_owner_count,38.0
lgbm_all,fwd_ret_1m,2016,z_owner_hhi,12.0
lgbm_all,fwd_ret_1m,2016,z_top_owner_share,22.0
lgbm_all,fwd_ret_1m,2016,z_fragility_proxy,27.0
lgbm_all,fwd_ret_1m,2016,z_avg_manager_breadth,17.0
lgbm_all,fwd_ret_1m,2016,z_stock_sell_pressure,213.0
lgbm_all,fwd_ret_1m,2016,z_network_degree,44.0
lgbm_all,fwd_ret_1m,2016,z_network_weighted_degree,103.0
lgbm_all,fwd_ret_1m,2016,z_network_peer_sell_pressure,47.0
lgbm_all,fwd_ret_1m,2016,z_mktcap_proxy,121.0
lgbm_all,fwd_ret_1m,2016,z_vol,107.0
lgbm_all,fwd_ret_1m,2016,z_fragility_proxy_x_stock_sell_pressure,17.0
lgbm_all,fwd_ret_1m,2016,z_fragility_proxy_x_network_peer_sell_pressure,11.0
lgbm_all,fwd_ret_1m,2016,z_owner_hhi_x_stock_sell_pressure,29.0
lgbm_all,fwd_ret_1m,2016,z_network_weighted_degree_x_network_peer_sell_pressure,2.0
lgbm_no_network,fwd_ret_1m,2016,z_owner_count,225.0
lgbm_no_network,fwd_ret_1m,2016,z_owner_hhi,141.0
lgbm_no_network,fwd_ret_1m,2016,z_top_owner_share,79.0
lgbm_no_network,fwd_ret_1m,2016,z_fragility_proxy,148.0
lgbm_no_network,fwd_ret_1m,2016,z_avg_manager_breadth,96.0
lgbm_no_network,fwd_ret_1m,2016,z_stock_sell_pressure,620.0
lgbm_no_network,fwd_ret_1m,2016,z_mktcap_proxy,431.0
lgbm_no_network,fwd_ret_1m,2016,z_vol,381.0
lgbm_no_network,fwd_ret_1m,2016,z_fragility_proxy_x_stock_sell_pressure,66.0
lgbm_no_network,fwd_ret_1m,2016,z_owner_hhi_x_stock_sell_pressure,123.0
lgbm_network_pressure,fwd_ret_1m,2016,z_stock_sell_pressure,0.0
lgbm_network_pressure,fwd_ret_1m,2016,z_network_degree,7.0
lgbm_network_pressure,fwd_ret_1m,2016,z_network_weighted_degree,12.0
lgbm_network_pressure,fwd_ret_1m,2016,z_network_peer_sell_pressure,3.0
lgbm_network_pressure,fwd_ret_1m,2016,z_fragility_proxy_x_stock_sell_pressure,2.0
lgbm_network_pressure,fwd_ret_1m,2016,z_fragility_proxy_x_network_peer_sell_pressure,1.0
lgbm_network_pressure,fwd_ret_1m,2016,z_owner_hhi_x_stock_sell_pressure,5.0
lgbm_network_pressure,fwd_ret_1m,2016,z_network_weighted_degree_x_network_peer_sell_pressure,0.0
ridge_all,fwd_ret_1m,2017,z_owner_count,0.00021305463451426476
ridge_all,fwd_ret_1m,2017,z_owner_hhi,0.0009552193805575371
ridge_all,fwd_ret_1m,2017,z_top_owner_share,0.00042243764619342983
ridge_all,fwd_ret_1m,2017,z_fragility_proxy,0.0018950250232592225
ridge_all,fwd_ret_1m,2017,z_avg_manager_breadth,0.0027372899930924177
ridge_all,fwd_ret_1m,2017,z_stock_sell_pressure,0.03401315584778786
ridge_all,fwd_ret_1m,2017,z_network_degree,0.0033147905487567186
ridge_all,fwd_ret_1m,2017,z_network_weighted_degree,0.0020370774436742067
ridge_all,fwd_ret_1m,2017,z_network_peer_sell_pressure,0.0043722763657569885
ridge_all,fwd_ret_1m,2017,z_mktcap_proxy,0.0013384904013946652
ridge_all,fwd_ret_1m,2017,z_vol,0.007228183094412088
ridge_all,fwd_ret_1m,2017,z_fragility_proxy_x_stock_sell_pressure,0.005684841424226761
ridge_all,fwd_ret_1m,2017,z_fragility_proxy_x_network_peer_sell_pressure,2.3388340196106583e-05
ridge_all,fwd_ret_1m,2017,z_owner_hhi_x_stock_sell_pressure,0.002947250846773386
ridge_all,fwd_ret_1m,2017,z_network_weighted_degree_x_network_peer_sell_pressure,5.784843961009756e-05
lgbm_all,fwd_ret_1m,2017,z_owner_count,633.0
lgbm_all,fwd_ret_1m,2017,z_owner_hhi,424.0
lgbm_all,fwd_ret_1m,2017,z_top_owner_share,196.0
lgbm_all,fwd_ret_1m,2017,z_fragility_proxy,316.0
lgbm_all,fwd_ret_1m,2017,z_avg_manager_breadth,330.0
lgbm_all,fwd_ret_1m,2017,z_stock_sell_pressure,1322.0
lgbm_all,fwd_ret_1m,2017,z_network_degree,696.0
lgbm_all,fwd_ret_1m,2017,z_network_weighted_degree,1064.0
lgbm_all,fwd_ret_1m,2017,z_network_peer_sell_pressure,546.0
lgbm_all,fwd_ret_1m,2017,z_mktcap_proxy,1073.0
lgbm_all,fwd_ret_1m,2017,z_vol,1075.0
lgbm_all,fwd_ret_1m,2017,z_fragility_proxy_x_stock_sell_pressure,243.0
lgbm_all,fwd_ret_1m,2017,z_fragility_proxy_x_network_peer_sell_pressure,169.0
lgbm_all,fwd_ret_1m,2017,z_owner_hhi_x_stock_sell_pressure,363.0
lgbm_all,fwd_ret_1m,2017,z_network_weighted_degree_x_network_peer_sell_pressure,190.0
lgbm_no_network,fwd_ret_1m,2017,z_owner_count,1005.0
lgbm_no_network,fwd_ret_1m,2017,z_owner_hhi,633.0
lgbm_no_network,fwd_ret_1m,2017,z_top_owner_share,337.0
lgbm_no_network,fwd_ret_1m,2017,z_fragility_proxy,438.0
lgbm_no_network,fwd_ret_1m,2017,z_avg_manager_breadth,450.0
lgbm_no_network,fwd_ret_1m,2017,z_stock_sell_pressure,1342.0
lgbm_no_network,fwd_ret_1m,2017,z_mktcap_proxy,1489.0
lgbm_no_network,fwd_ret_1m,2017,z_vol,1291.0
lgbm_no_network,fwd_ret_1m,2017,z_fragility_proxy_x_stock_sell_pressure,304.0
lgbm_no_network,fwd_ret_1m,2017,z_owner_hhi_x_stock_sell_pressure,421.0
lgbm_network_pressure,fwd_ret_1m,2017,z_stock_sell_pressure,1319.0
lgbm_network_pressure,fwd_ret_1m,2017,z_network_degree,734.0
lgbm_network_pressure,fwd_ret_1m,2017,z_network_weighted_degree,1190.0
lgbm_network_pressure,fwd_ret_1m,2017,z_network_peer_sell_pressure,534.0
lgbm_network_pressure,fwd_ret_1m,2017,z_fragility_proxy_x_stock_sell_pressure,381.0
lgbm_network_pressure,fwd_ret_1m,2017,z_fragility_proxy_x_network_peer_sell_pressure,289.0
lgbm_network_pressure,fwd_ret_1m,2017,z_owner_hhi_x_stock_sell_pressure,413.0
lgbm_network_pressure,fwd_ret_1m,2017,z_network_weighted_degree_x_network_peer_sell_pressure,270.0
ridge_all,fwd_ret_1m,2018,z_owner_count,0.00048707149107940495
ridge_all,fwd_ret_1m,2018,z_owner_hhi,0.0011040271492674947
ridge_all,fwd_ret_1m,2018,z_top_owner_share,0.0008003722759895027
ridge_all,fwd_ret_1m,2018,z_fragility_proxy,0.0017717900918796659
ridge_all,fwd_ret_1m,2018,z_avg_manager_breadth,0.002640737220644951
ridge_all,fwd_ret_1m,2018,z_stock_sell_pressure,0.0346282422542572
ridge_all,fwd_ret_1m,2018,z_network_degree,0.0030199808534234762
ridge_all,fwd_ret_1m,2018,z_network_weighted_degree,0.0014094620710238814
ridge_all,fwd_ret_1m,2018,z_network_peer_sell_pressure,0.003857961855828762
ridge_all,fwd_ret_1m,2018,z_mktcap_proxy,0.00054645020281896
ridge_all,fwd_ret_1m,2018,z_vol,0.007714028470218182
ridge_all,fwd_ret_1m,2018,z_fragility_proxy_x_stock_sell_pressure,0.005379587411880493
ridge_all,fwd_ret_1m,2018,z_fragility_proxy_x_network_peer_sell_pressure,3.765980000025593e-05
ridge_all,fwd_ret_1m,2018,z_owner_hhi_x_stock_sell_pressure,0.003970352467149496
ridge_all,fwd_ret_1m,2018,z_network_weighted_degree_x_network_peer_sell_pressure,0.00023795210290700197
lgbm_all,fwd_ret_1m,2018,z_owner_count,235.0
lgbm_all,fwd_ret_1m,2018,z_owner_hhi,170.0
lgbm_all,fwd_ret_1m,2018,z_top_owner_share,68.0
lgbm_all,fwd_ret_1m,2018,z_fragility_proxy,139.0
lgbm_all,fwd_ret_1m,2018,z_avg_manager_breadth,110.0
lgbm_all,fwd_ret_1m,2018,z_stock_sell_pressure,677.0
lgbm_all,fwd_ret_1m,2018,z_network_degree,215.0
lgbm_all,fwd_ret_1m,2018,z_network_weighted_degree,442.0
lgbm_all,fwd_ret_1m,2018,z_network_peer_sell_pressure,207.0
lgbm_all,fwd_ret_1m,2018,z_mktcap_proxy,444.0
lgbm_all,fwd_ret_1m,2018,z_vol,459.0
lgbm_all,fwd_ret_1m,2018,z_fragility_proxy_x_stock_sell_pressure,103.0
lgbm_all,fwd_ret_1m,2018,z_fragility_proxy_x_network_peer_sell_pressure,55.0
lgbm_all,fwd_ret_1m,2018,z_owner_hhi_x_stock_sell_pressure,150.0
lgbm_all,fwd_ret_1m,2018,z_network_weighted_degree_x_network_peer_sell_pressure,66.0
lgbm_no_network,fwd_ret_1m,2018,z_owner_count,186.0
lgbm_no_network,fwd_ret_1m,2018,z_owner_hhi,133.0
lgbm_no_network,fwd_ret_1m,2018,z_top_owner_share,67.0
lgbm_no_network,fwd_ret_1m,2018,z_fragility_proxy,125.0
lgbm_no_network,fwd_ret_1m,2018,z_avg_manager_breadth,69.0
lgbm_no_network,fwd_ret_1m,2018,z_stock_sell_pressure,530.0
lgbm_no_network,fwd_ret_1m,2018,z_mktcap_proxy,307.0
lgbm_no_network,fwd_ret_1m,2018,z_vol,266.0
lgbm_no_network,fwd_ret_1m,2018,z_fragility_proxy_x_stock_sell_pressure,53.0
lgbm_no_network,fwd_ret_1m,2018,z_owner_hhi_x_stock_sell_pressure,94.0
lgbm_network_pressure,fwd_ret_1m,2018,z_stock_sell_pressure,362.0
lgbm_network_pressure,fwd_ret_1m,2018,z_network_degree,86.0
lgbm_network_pressure,fwd_ret_1m,2018,z_network_weighted_degree,172.0
lgbm_network_pressure,fwd_ret_1m,2018,z_network_peer_sell_pressure,72.0
lgbm_network_pressure,fwd_ret_1m,2018,z_fragility_proxy_x_stock_sell_pressure,41.0
lgbm_network_pressure,fwd_ret_1m,2018,z_fragility_proxy_x_network_peer_sell_pressure,32.0
lgbm_network_pressure,fwd_ret_1m,2018,z_owner_hhi_x_stock_sell_pressure,72.0
lgbm_network_pressure,fwd_ret_1m,2018,z_network_weighted_degree_x_network_peer_sell_pressure,33.0
ridge_all,fwd_ret_1m,2019,z_owner_count,0.00015544112829957157
ridge_all,fwd_ret_1m,2019,z_owner_hhi,0.0016331056831404567
ridge_all,fwd_ret_1m,2019,z_top_owner_share,0.000664548366330564
ridge_all,fwd_ret_1m,2019,z_fragility_proxy,0.0020026532001793385
ridge_all,fwd_ret_1m,2019,z_avg_manager_breadth,0.002805607160553336
ridge_all,fwd_ret_1m,2019,z_stock_sell_pressure,0.034115564078092575
ridge_all,fwd_ret_1m,2019,z_network_degree,0.003092237049713731
ridge_all,fwd_ret_1m,2019,z_network_weighted_degree,0.0012568390229716897
ridge_all,fwd_ret_1m,2019,z_network_peer_sell_pressure,0.0036775267217308283
ridge_all,fwd_ret_1m,2019,z_mktcap_proxy,0.0006305626011453569
ridge_all,fwd_ret_1m,2019,z_vol,0.006868212018162012
ridge_all,fwd_ret_1m,2019,z_fragility_proxy_x_stock_sell_pressure,0.00542976101860404
ridge_all,fwd_ret_1m,2019,z_fragility_proxy_x_network_peer_sell_pressure,8.928673923946917e-05
ridge_all,fwd_ret_1m,2019,z_owner_hhi_x_stock_sell_pressure,0.004231163300573826
ridge_all,fwd_ret_1m,2019,z_network_weighted_degree_x_network_peer_sell_pressure,0.0004419590113684535
lgbm_all,fwd_ret_1m,2019,z_owner_count,188.0
lgbm_all,fwd_ret_1m,2019,z_owner_hhi,143.0
lgbm_all,fwd_ret_1m,2019,z_top_owner_share,69.0
lgbm_all,fwd_ret_1m,2019,z_fragility_proxy,126.0
lgbm_all,fwd_ret_1m,2019,z_avg_manager_breadth,84.0
lgbm_all,fwd_ret_1m,2019,z_stock_sell_pressure,579.0
lgbm_all,fwd_ret_1m,2019,z_network_degree,161.0
lgbm_all,fwd_ret_1m,2019,z_network_weighted_degree,351.0
lgbm_all,fwd_ret_1m,2019,z_network_peer_sell_pressure,182.0
lgbm_all,fwd_ret_1m,2019,z_mktcap_proxy,396.0
lgbm_all,fwd_ret_1m,2019,z_vol,340.0
lgbm_all,fwd_ret_1m,2019,z_fragility_proxy_x_stock_sell_pressure,90.0
lgbm_all,fwd_ret_1m,2019,z_fragility_proxy_x_network_peer_sell_pressure,51.0
lgbm_all,fwd_ret_1m,2019,z_owner_hhi_x_stock_sell_pressure,112.0
lgbm_all,fwd_ret_1m,2019,z_network_weighted_degree_x_network_peer_sell_pressure,38.0
lgbm_no_network,fwd_ret_1m,2019,z_owner_count,399.0
lgbm_no_network,fwd_ret_1m,2019,z_owner_hhi,269.0
lgbm_no_network,fwd_ret_1m,2019,z_top_owner_share,119.0
lgbm_no_network,fwd_ret_1m,2019,z_fragility_proxy,211.0
lgbm_no_network,fwd_ret_1m,2019,z_avg_manager_breadth,153.0
lgbm_no_network,fwd_ret_1m,2019,z_stock_sell_pressure,823.0
lgbm_no_network,fwd_ret_1m,2019,z_mktcap_proxy,643.0
lgbm_no_network,fwd_ret_1m,2019,z_vol,574.0
lgbm_no_network,fwd_ret_1m,2019,z_fragility_proxy_x_stock_sell_pressure,96.0
lgbm_no_network,fwd_ret_1m,2019,z_owner_hhi_x_stock_sell_pressure,163.0
lgbm_network_pressure,fwd_ret_1m,2019,z_stock_sell_pressure,713.0
lgbm_network_pressure,fwd_ret_1m,2019,z_network_degree,257.0
lgbm_network_pressure,fwd_ret_1m,2019,z_network_weighted_degree,463.0
lgbm_network_pressure,fwd_ret_1m,2019,z_network_peer_sell_pressure,202.0
lgbm_network_pressure,fwd_ret_1m,2019,z_fragility_proxy_x_stock_sell_pressure,123.0
lgbm_network_pressure,fwd_ret_1m,2019,z_fragility_proxy_x_network_peer_sell_pressure,97.0
lgbm_network_pressure,fwd_ret_1m,2019,z_owner_hhi_x_stock_sell_pressure,159.0
lgbm_network_pressure,fwd_ret_1m,2019,z_network_weighted_degree_x_network_peer_sell_pressure,86.0
ridge_all,fwd_ret_1m,2020,z_owner_count,0.00018996032304130495
ridge_all,fwd_ret_1m,2020,z_owner_hhi,0.0016765269683673978
ridge_all,fwd_ret_1m,2020,z_top_owner_share,0.0006465033511631191
ridge_all,fwd_ret_1m,2020,z_fragility_proxy,0.0022521931678056717
ridge_all,fwd_ret_1m,2020,z_avg_manager_breadth,0.0030666899401694536
ridge_all,fwd_ret_1m,2020,z_stock_sell_pressure,0.03445637598633766
ridge_all,fwd_ret_1m,2020,z_network_degree,0.0032893780153244734
ridge_all,fwd_ret_1m,2020,z_network_weighted_degree,0.0012932168319821358
ridge_all,fwd_ret_1m,2020,z_network_peer_sell_pressure,0.003612254047766328
ridge_all,fwd_ret_1m,2020,z_mktcap_proxy,0.0002524572191759944
ridge_all,fwd_ret_1m,2020,z_vol,0.006795485503971577
ridge_all,fwd_ret_1m,2020,z_fragility_proxy_x_stock_sell_pressure,0.005024354439228773
ridge_all,fwd_ret_1m,2020,z_fragility_proxy_x_network_peer_sell_pressure,3.1102055686460517e-07
ridge_all,fwd_ret_1m,2020,z_owner_hhi_x_stock_sell_pressure,0.004682614468038082
ridge_all,fwd_ret_1m,2020,z_network_weighted_degree_x_network_peer_sell_pressure,0.00037399132270365953
lgbm_all,fwd_ret_1m,2020,z_owner_count,105.0
lgbm_all,fwd_ret_1m,2020,z_owner_hhi,67.0
lgbm_all,fwd_ret_1m,2020,z_top_owner_share,43.0
lgbm_all,fwd_ret_1m,2020,z_fragility_proxy,93.0
lgbm_all,fwd_ret_1m,2020,z_avg_manager_breadth,53.0
lgbm_all,fwd_ret_1m,2020,z_stock_sell_pressure,381.0
lgbm_all,fwd_ret_1m,2020,z_network_degree,72.0
lgbm_all,fwd_ret_1m,2020,z_network_weighted_degree,234.0
lgbm_all,fwd_ret_1m,2020,z_network_peer_sell_pressure,93.0
lgbm_all,fwd_ret_1m,2020,z_mktcap_proxy,216.0
lgbm_all,fwd_ret_1m,2020,z_vol,212.0
lgbm_all,fwd_ret_1m,2020,z_fragility_proxy_x_stock_sell_pressure,45.0
lgbm_all,fwd_ret_1m,2020,z_fragility_proxy_x_network_peer_sell_pressure,31.0
lgbm_all,fwd_ret_1m,2020,z_owner_hhi_x_stock_sell_pressure,75.0
lgbm_all,fwd_ret_1m,2020,z_network_weighted_degree_x_network_peer_sell_pressure,20.0
lgbm_no_network,fwd_ret_1m,2020,z_owner_count,267.0
lgbm_no_network,fwd_ret_1m,2020,z_owner_hhi,176.0
lgbm_no_network,fwd_ret_1m,2020,z_top_owner_share,92.0
lgbm_no_network,fwd_ret_1m,2020,z_fragility_proxy,157.0
lgbm_no_network,fwd_ret_1m,2020,z_avg_manager_breadth,109.0
lgbm_no_network,fwd_ret_1m,2020,z_stock_sell_pressure,578.0
lgbm_no_network,fwd_ret_1m,2020,z_mktcap_proxy,445.0
lgbm_no_network,fwd_ret_1m,2020,z_vol,368.0
lgbm_no_network,fwd_ret_1m,2020,z_fragility_proxy_x_stock_sell_pressure,77.0
lgbm_no_network,fwd_ret_1m,2020,z_owner_hhi_x_stock_sell_pressure,131.0
lgbm_network_pressure,fwd_ret_1m,2020,z_stock_sell_pressure,173.0
lgbm_network_pressure,fwd_ret_1m,2020,z_network_degree,36.0
lgbm_network_pressure,fwd_ret_1m,2020,z_network_weighted_degree,74.0
lgbm_network_pressure,fwd_ret_1m,2020,z_network_peer_sell_pressure,27.0
lgbm_network_pressure,fwd_ret_1m,2020,z_fragility_proxy_x_stock_sell_pressure,19.0
lgbm_network_pressure,fwd_ret_1m,2020,z_fragility_proxy_x_network_peer_sell_pressure,7.0
lgbm_network_pressure,fwd_ret_1m,2020,z_owner_hhi_x_stock_sell_pressure,14.0
lgbm_network_pressure,fwd_ret_1m,2020,z_network_weighted_degree_x_network_peer_sell_pressure,10.0
ridge_all,fwd_ret_1m,2021,z_owner_count,0.0004435668815858662
ridge_all,fwd_ret_1m,2021,z_owner_hhi,0.0013960079522803426
ridge_all,fwd_ret_1m,2021,z_top_owner_share,0.0010331886587664485
ridge_all,fwd_ret_1m,2021,z_fragility_proxy,0.002186177996918559
ridge_all,fwd_ret_1m,2021,z_avg_manager_breadth,0.0030046780593693256
ridge_all,fwd_ret_1m,2021,z_stock_sell_pressure,0.0334649533033371
ridge_all,fwd_ret_1m,2021,z_network_degree,0.003575769020244479
ridge_all,fwd_ret_1m,2021,z_network_weighted_degree,0.0015451231738552451
ridge_all,fwd_ret_1m,2021,z_network_peer_sell_pressure,0.003912700805813074
ridge_all,fwd_ret_1m,2021,z_mktcap_proxy,0.00029670464573428035
ridge_all,fwd_ret_1m,2021,z_vol,0.006480799056589603
ridge_all,fwd_ret_1m,2021,z_fragility_proxy_x_stock_sell_pressure,0.004692888353019953
ridge_all,fwd_ret_1m,2021,z_fragility_proxy_x_network_peer_sell_pressure,0.00023064285051077604
ridge_all,fwd_ret_1m,2021,z_owner_hhi_x_stock_sell_pressure,0.004642528016120195
ridge_all,fwd_ret_1m,2021,z_network_weighted_degree_x_network_peer_sell_pressure,0.00017315514560323209
lgbm_all,fwd_ret_1m,2021,z_owner_count,781.0
lgbm_all,fwd_ret_1m,2021,z_owner_hhi,571.0
lgbm_all,fwd_ret_1m,2021,z_top_owner_share,272.0
lgbm_all,fwd_ret_1m,2021,z_fragility_proxy,442.0
lgbm_all,fwd_ret_1m,2021,z_avg_manager_breadth,464.0
lgbm_all,fwd_ret_1m,2021,z_stock_sell_pressure,1578.0
lgbm_all,fwd_ret_1m,2021,z_network_degree,874.0
lgbm_all,fwd_ret_1m,2021,z_network_weighted_degree,1244.0
lgbm_all,fwd_ret_1m,2021,z_network_peer_sell_pressure,718.0
lgbm_all,fwd_ret_1m,2021,z_mktcap_proxy,1328.0
lgbm_all,fwd_ret_1m,2021,z_vol,1382.0
lgbm_all,fwd_ret_1m,2021,z_fragility_proxy_x_stock_sell_pressure,395.0
lgbm_all,fwd_ret_1m,2021,z_fragility_proxy_x_network_peer_sell_pressure,268.0
lgbm_all,fwd_ret_1m,2021,z_owner_hhi_x_stock_sell_pressure,467.0
lgbm_all,fwd_ret_1m,2021,z_network_weighted_degree_x_network_peer_sell_pressure,346.0
lgbm_no_network,fwd_ret_1m,2021,z_owner_count,1330.0
lgbm_no_network,fwd_ret_1m,2021,z_owner_hhi,883.0
lgbm_no_network,fwd_ret_1m,2021,z_top_owner_share,444.0
lgbm_no_network,fwd_ret_1m,2021,z_fragility_proxy,666.0
lgbm_no_network,fwd_ret_1m,2021,z_avg_manager_breadth,683.0
lgbm_no_network,fwd_ret_1m,2021,z_stock_sell_pressure,1787.0
lgbm_no_network,fwd_ret_1m,2021,z_mktcap_proxy,1858.0
lgbm_no_network,fwd_ret_1m,2021,z_vol,1765.0
lgbm_no_network,fwd_ret_1m,2021,z_fragility_proxy_x_stock_sell_pressure,447.0
lgbm_no_network,fwd_ret_1m,2021,z_owner_hhi_x_stock_sell_pressure,547.0
lgbm_network_pressure,fwd_ret_1m,2021,z_stock_sell_pressure,3512.0
lgbm_network_pressure,fwd_ret_1m,2021,z_network_degree,3004.0
lgbm_network_pressure,fwd_ret_1m,2021,z_network_weighted_degree,3664.0
lgbm_network_pressure,fwd_ret_1m,2021,z_network_peer_sell_pressure,2256.0
lgbm_network_pressure,fwd_ret_1m,2021,z_fragility_proxy_x_stock_sell_pressure,1671.0
lgbm_network_pressure,fwd_ret_1m,2021,z_fragility_proxy_x_network_peer_sell_pressure,1638.0
lgbm_network_pressure,fwd_ret_1m,2021,z_owner_hhi_x_stock_sell_pressure,2054.0
lgbm_network_pressure,fwd_ret_1m,2021,z_network_weighted_degree_x_network_peer_sell_pressure,1641.0
ridge_all,fwd_ret_1m,2022,z_owner_count,0.00032855503377504647
ridge_all,fwd_ret_1m,2022,z_owner_hhi,0.0012133907293900847
ridge_all,fwd_ret_1m,2022,z_top_owner_share,0.0013474730076268315
ridge_all,fwd_ret_1m,2022,z_fragility_proxy,0.002203106414526701
ridge_all,fwd_ret_1m,2022,z_avg_manager_breadth,0.0030348394066095352
ridge_all,fwd_ret_1m,2022,z_stock_sell_pressure,0.033402010798454285
ridge_all,fwd_ret_1m,2022,z_network_degree,0.003494896460324526
ridge_all,fwd_ret_1m,2022,z_network_weighted_degree,0.0011870322050526738
ridge_all,fwd_ret_1m,2022,z_network_peer_sell_pressure,0.0037952258717268705
ridge_all,fwd_ret_1m,2022,z_mktcap_proxy,8.690859249327332e-05
ridge_all,fwd_ret_1m,2022,z_vol,0.006333588156849146
ridge_all,fwd_ret_1m,2022,z_fragility_proxy_x_stock_sell_pressure,0.004523223266005516
ridge_all,fwd_ret_1m,2022,z_fragility_proxy_x_network_peer_sell_pressure,8.880293535185046e-06
ridge_all,fwd_ret_1m,2022,z_owner_hhi_x_stock_sell_pressure,0.004573578480631113
ridge_all,fwd_ret_1m,2022,z_network_weighted_degree_x_network_peer_sell_pressure,0.00041174195939674973
lgbm_all,fwd_ret_1m,2022,z_owner_count,1468.0
lgbm_all,fwd_ret_1m,2022,z_owner_hhi,981.0
lgbm_all,fwd_ret_1m,2022,z_top_owner_share,623.0
lgbm_all,fwd_ret_1m,2022,z_fragility_proxy,810.0
lgbm_all,fwd_ret_1m,2022,z_avg_manager_breadth,873.0
lgbm_all,fwd_ret_1m,2022,z_stock_sell_pressure,2290.0
lgbm_all,fwd_ret_1m,2022,z_network_degree,1659.0
lgbm_all,fwd_ret_1m,2022,z_network_weighted_degree,2020.0
lgbm_all,fwd_ret_1m,2022,z_network_peer_sell_pressure,1291.0
lgbm_all,fwd_ret_1m,2022,z_mktcap_proxy,2275.0
lgbm_all,fwd_ret_1m,2022,z_vol,2395.0
lgbm_all,fwd_ret_1m,2022,z_fragility_proxy_x_stock_sell_pressure,726.0
lgbm_all,fwd_ret_1m,2022,z_fragility_proxy_x_network_peer_sell_pressure,618.0
lgbm_all,fwd_ret_1m,2022,z_owner_hhi_x_stock_sell_pressure,795.0
lgbm_all,fwd_ret_1m,2022,z_network_weighted_degree_x_network_peer_sell_pressure,676.0
lgbm_no_network,fwd_ret_1m,2022,z_owner_count,1000.0
lgbm_no_network,fwd_ret_1m,2022,z_owner_hhi,678.0
lgbm_no_network,fwd_ret_1m,2022,z_top_owner_share,330.0
lgbm_no_network,fwd_ret_1m,2022,z_fragility_proxy,493.0
lgbm_no_network,fwd_ret_1m,2022,z_avg_manager_breadth,488.0
lgbm_no_network,fwd_ret_1m,2022,z_stock_sell_pressure,1397.0
lgbm_no_network,fwd_ret_1m,2022,z_mktcap_proxy,1481.0
lgbm_no_network,fwd_ret_1m,2022,z_vol,1294.0
lgbm_no_network,fwd_ret_1m,2022,z_fragility_proxy_x_stock_sell_pressure,300.0
lgbm_no_network,fwd_ret_1m,2022,z_owner_hhi_x_stock_sell_pressure,399.0
lgbm_network_pressure,fwd_ret_1m,2022,z_stock_sell_pressure,3181.0
lgbm_network_pressure,fwd_ret_1m,2022,z_network_degree,2754.0
lgbm_network_pressure,fwd_ret_1m,2022,z_network_weighted_degree,3393.0
lgbm_network_pressure,fwd_ret_1m,2022,z_network_peer_sell_pressure,2023.0
lgbm_network_pressure,fwd_ret_1m,2022,z_fragility_proxy_x_stock_sell_pressure,1448.0
lgbm_network_pressure,fwd_ret_1m,2022,z_fragility_proxy_x_network_peer_sell_pressure,1456.0
lgbm_network_pressure,fwd_ret_1m,2022,z_owner_hhi_x_stock_sell_pressure,1706.0
lgbm_network_pressure,fwd_ret_1m,2022,z_network_weighted_degree_x_network_peer_sell_pressure,1439.0
ridge_all,fwd_ret_1m,2023,z_owner_count,0.0009549851529300213
ridge_all,fwd_ret_1m,2023,z_owner_hhi,0.0027015439700335264
ridge_all,fwd_ret_1m,2023,z_top_owner_share,0.0005863936385139823
ridge_all,fwd_ret_1m,2023,z_fragility_proxy,0.002590445801615715
ridge_all,fwd_ret_1m,2023,z_avg_manager_breadth,0.003440411062911153
ridge_all,fwd_ret_1m,2023,z_stock_sell_pressure,0.041253406554460526
ridge_all,fwd_ret_1m,2023,z_network_degree,0.0041588423773646355
ridge_all,fwd_ret_1m,2023,z_network_weighted_degree,0.0013340506702661514
ridge_all,fwd_ret_1m,2023,z_network_peer_sell_pressure,0.0027363072149455547
ridge_all,fwd_ret_1m,2023,z_mktcap_proxy,0.0002557006664574146
ridge_all,fwd_ret_1m,2023,z_vol,0.00557259377092123
ridge_all,fwd_ret_1m,2023,z_fragility_proxy_x_stock_sell_pressure,0.004722793120890856
ridge_all,fwd_ret_1m,2023,z_fragility_proxy_x_network_peer_sell_pressure,0.0005641477182507515
ridge_all,fwd_ret_1m,2023,z_owner_hhi_x_stock_sell_pressure,0.007815276272594929
ridge_all,fwd_ret_1m,2023,z_network_weighted_degree_x_network_peer_sell_pressure,0.0012952594552189112
lgbm_all,fwd_ret_1m,2023,z_owner_count,2.0
lgbm_all,fwd_ret_1m,2023,z_owner_hhi,0.0
lgbm_all,fwd_ret_1m,2023,z_top_owner_share,1.0
lgbm_all,fwd_ret_1m,2023,z_fragility_proxy,1.0
lgbm_all,fwd_ret_1m,2023,z_avg_manager_breadth,0.0
lgbm_all,fwd_ret_1m,2023,z_stock_sell_pressure,14.0
lgbm_all,fwd_ret_1m,2023,z_network_degree,0.0
lgbm_all,fwd_ret_1m,2023,z_network_weighted_degree,0.0
lgbm_all,fwd_ret_1m,2023,z_network_peer_sell_pressure,3.0
lgbm_all,fwd_ret_1m,2023,z_mktcap_proxy,4.0
lgbm_all,fwd_ret_1m,2023,z_vol,4.0
lgbm_all,fwd_ret_1m,2023,z_fragility_proxy_x_stock_sell_pressure,0.0
lgbm_all,fwd_ret_1m,2023,z_fragility_proxy_x_network_peer_sell_pressure,0.0
lgbm_all,fwd_ret_1m,2023,z_owner_hhi_x_stock_sell_pressure,1.0
lgbm_all,fwd_ret_1m,2023,z_network_weighted_degree_x_network_peer_sell_pressure,0.0
lgbm_no_network,fwd_ret_1m,2023,z_owner_count,1158.0
lgbm_no_network,fwd_ret_1m,2023,z_owner_hhi,763.0
lgbm_no_network,fwd_ret_1m,2023,z_top_owner_share,441.0
lgbm_no_network,fwd_ret_1m,2023,z_fragility_proxy,595.0
lgbm_no_network,fwd_ret_1m,2023,z_avg_manager_breadth,588.0
lgbm_no_network,fwd_ret_1m,2023,z_stock_sell_pressure,1671.0
lgbm_no_network,fwd_ret_1m,2023,z_mktcap_proxy,1828.0
lgbm_no_network,fwd_ret_1m,2023,z_vol,1619.0
lgbm_no_network,fwd_ret_1m,2023,z_fragility_proxy_x_stock_sell_pressure,370.0
lgbm_no_network,fwd_ret_1m,2023,z_owner_hhi_x_stock_sell_pressure,477.0
lgbm_network_pressure,fwd_ret_1m,2023,z_stock_sell_pressure,0.0
lgbm_network_pressure,fwd_ret_1m,2023,z_network_degree,5.0
lgbm_network_pressure,fwd_ret_1m,2023,z_network_weighted_degree,10.0
lgbm_network_pressure,fwd_ret_1m,2023,z_network_peer_sell_pressure,3.0
lgbm_network_pressure,fwd_ret_1m,2023,z_fragility_proxy_x_stock_sell_pressure,3.0
lgbm_network_pressure,fwd_ret_1m,2023,z_fragility_proxy_x_network_peer_sell_pressure,1.0
lgbm_network_pressure,fwd_ret_1m,2023,z_owner_hhi_x_stock_sell_pressure,8.0
lgbm_network_pressure,fwd_ret_1m,2023,z_network_weighted_degree_x_network_peer_sell_pressure,0.0
ridge_all,fwd_ret_1m,2024,z_owner_count,0.001115672872401774
ridge_all,fwd_ret_1m,2024,z_owner_hhi,0.0032733664847910404
ridge_all,fwd_ret_1m,2024,z_top_owner_share,0.001200797618366778
ridge_all,fwd_ret_1m,2024,z_fragility_proxy,0.0028251244220882654
ridge_all,fwd_ret_1m,2024,z_avg_manager_breadth,0.0035558599047362804
ridge_all,fwd_ret_1m,2024,z_stock_sell_pressure,0.040607720613479614
ridge_all,fwd_ret_1m,2024,z_network_degree,0.004295962397009134
ridge_all,fwd_ret_1m,2024,z_network_weighted_degree,0.0011512445053085685
ridge_all,fwd_ret_1m,2024,z_network_peer_sell_pressure,0.0031165904365479946
ridge_all,fwd_ret_1m,2024,z_mktcap_proxy,0.000246548093855381
ridge_all,fwd_ret_1m,2024,z_vol,0.005078636109828949
ridge_all,fwd_ret_1m,2024,z_fragility_proxy_x_stock_sell_pressure,0.00509957829490304
ridge_all,fwd_ret_1m,2024,z_fragility_proxy_x_network_peer_sell_pressure,0.0003017429553437978
ridge_all,fwd_ret_1m,2024,z_owner_hhi_x_stock_sell_pressure,0.007346353959292173
ridge_all,fwd_ret_1m,2024,z_network_weighted_degree_x_network_peer_sell_pressure,0.0011891131289303303
lgbm_all,fwd_ret_1m,2024,z_owner_count,2.0
lgbm_all,fwd_ret_1m,2024,z_owner_hhi,0.0
lgbm_all,fwd_ret_1m,2024,z_top_owner_share,1.0
lgbm_all,fwd_ret_1m,2024,z_fragility_proxy,1.0
lgbm_all,fwd_ret_1m,2024,z_avg_manager_breadth,0.0
lgbm_all,fwd_ret_1m,2024,z_stock_sell_pressure,14.0
lgbm_all,fwd_ret_1m,2024,z_network_degree,0.0
lgbm_all,fwd_ret_1m,2024,z_network_weighted_degree,0.0
lgbm_all,fwd_ret_1m,2024,z_network_peer_sell_pressure,4.0
lgbm_all,fwd_ret_1m,2024,z_mktcap_proxy,3.0
lgbm_all,fwd_ret_1m,2024,z_vol,4.0
lgbm_all,fwd_ret_1m,2024,z_fragility_proxy_x_stock_sell_pressure,0.0
lgbm_all,fwd_ret_1m,2024,z_fragility_proxy_x_network_peer_sell_pressure,0.0
lgbm_all,fwd_ret_1m,2024,z_owner_hhi_x_stock_sell_pressure,1.0
lgbm_all,fwd_ret_1m,2024,z_network_weighted_degree_x_network_peer_sell_pressure,0.0
lgbm_no_network,fwd_ret_1m,2024,z_owner_count,7.0
lgbm_no_network,fwd_ret_1m,2024,z_owner_hhi,7.0
lgbm_no_network,fwd_ret_1m,2024,z_top_owner_share,2.0
lgbm_no_network,fwd_ret_1m,2024,z_fragility_proxy,11.0
lgbm_no_network,fwd_ret_1m,2024,z_avg_manager_breadth,2.0
lgbm_no_network,fwd_ret_1m,2024,z_stock_sell_pressure,39.0
lgbm_no_network,fwd_ret_1m,2024,z_mktcap_proxy,21.0
lgbm_no_network,fwd_ret_1m,2024,z_vol,17.0
lgbm_no_network,fwd_ret_1m,2024,z_fragility_proxy_x_stock_sell_pressure,4.0
lgbm_no_network,fwd_ret_1m,2024,z_owner_hhi_x_stock_sell_pressure,10.0
lgbm_network_pressure,fwd_ret_1m,2024,z_stock_sell_pressure,0.0
lgbm_network_pressure,fwd_ret_1m,2024,z_network_degree,7.0
lgbm_network_pressure,fwd_ret_1m,2024,z_network_weighted_degree,8.0
lgbm_network_pressure,fwd_ret_1m,2024,z_network_peer_sell_pressure,3.0
lgbm_network_pressure,fwd_ret_1m,2024,z_fragility_proxy_x_stock_sell_pressure,5.0
lgbm_network_pressure,fwd_ret_1m,2024,z_fragility_proxy_x_network_peer_sell_pressure,1.0
lgbm_network_pressure,fwd_ret_1m,2024,z_owner_hhi_x_stock_sell_pressure,6.0
lgbm_network_pressure,fwd_ret_1m,2024,z_network_weighted_degree_x_network_peer_sell_pressure,0.0
ridge_all,fwd_ret_3m,2012,z_owner_count,0.005977615248411894
ridge_all,fwd_ret_3m,2012,z_owner_hhi,0.007515612989664078
ridge_all,fwd_ret_3m,2012,z_top_owner_share,0.00471471156924963
ridge_all,fwd_ret_3m,2012,z_fragility_proxy,0.003051952924579382
ridge_all,fwd_ret_3m,2012,z_avg_manager_breadth,0.004259917419403791
ridge_all,fwd_ret_3m,2012,z_stock_sell_pressure,0.10846712440252304
ridge_all,fwd_ret_3m,2012,z_network_degree,0.0017943133134394884
ridge_all,fwd_ret_3m,2012,z_network_weighted_degree,0.0026067427825182676
ridge_all,fwd_ret_3m,2012,z_network_peer_sell_pressure,0.008565629832446575
ridge_all,fwd_ret_3m,2012,z_mktcap_proxy,0.0063535659573972225
ridge_all,fwd_ret_3m,2012,z_vol,0.022694744169712067
ridge_all,fwd_ret_3m,2012,z_fragility_proxy_x_stock_sell_pressure,0.017262274399399757
ridge_all,fwd_ret_3m,2012,z_fragility_proxy_x_network_peer_sell_pressure,0.0019177868962287903
ridge_all,fwd_ret_3m,2012,z_owner_hhi_x_stock_sell_pressure,0.04680337756872177
ridge_all,fwd_ret_3m,2012,z_network_weighted_degree_x_network_peer_sell_pressure,0.006735604256391525
lgbm_all,fwd_ret_3m,2012,z_owner_count,150.0
lgbm_all,fwd_ret_3m,2012,z_owner_hhi,173.0
lgbm_all,fwd_ret_3m,2012,z_top_owner_share,49.0
lgbm_all,fwd_ret_3m,2012,z_fragility_proxy,46.0
lgbm_all,fwd_ret_3m,2012,z_avg_manager_breadth,84.0
lgbm_all,fwd_ret_3m,2012,z_stock_sell_pressure,359.0
lgbm_all,fwd_ret_3m,2012,z_network_degree,263.0
lgbm_all,fwd_ret_3m,2012,z_network_weighted_degree,322.0
lgbm_all,fwd_ret_3m,2012,z_network_peer_sell_pressure,74.0
lgbm_all,fwd_ret_3m,2012,z_mktcap_proxy,398.0
lgbm_all,fwd_ret_3m,2012,z_vol,392.0
lgbm_all,fwd_ret_3m,2012,z_fragility_proxy_x_stock_sell_pressure,22.0
lgbm_all,fwd_ret_3m,2012,z_fragility_proxy_x_network_peer_sell_pressure,7.0
lgbm_all,fwd_ret_3m,2012,z_owner_hhi_x_stock_sell_pressure,107.0
lgbm_all,fwd_ret_3m,2012,z_network_weighted_degree_x_network_peer_sell_pressure,44.0
lgbm_no_network,fwd_ret_3m,2012,z_owner_count,546.0
lgbm_no_network,fwd_ret_3m,2012,z_owner_hhi,514.0
lgbm_no_network,fwd_ret_3m,2012,z_top_owner_share,159.0
lgbm_no_network,fwd_ret_3m,2012,z_fragility_proxy,171.0
lgbm_no_network,fwd_ret_3m,2012,z_avg_manager_breadth,187.0
lgbm_no_network,fwd_ret_3m,2012,z_stock_sell_pressure,785.0
lgbm_no_network,fwd_ret_3m,2012,z_mktcap_proxy,733.0
lgbm_no_network,fwd_ret_3m,2012,z_vol,722.0
lgbm_no_network,fwd_ret_3m,2012,z_fragility_proxy_x_stock_sell_pressure,39.0
lgbm_no_network,fwd_ret_3m,2012,z_owner_hhi_x_stock_sell_pressure,194.0
lgbm_network_pressure,fwd_ret_3m,2012,z_stock_sell_pressure,1156.0
lgbm_network_pressure,fwd_ret_3m,2012,z_network_degree,711.0
lgbm_network_pressure,fwd_ret_3m,2012,z_network_weighted_degree,788.0
lgbm_network_pressure,fwd_ret_3m,2012,z_network_peer_sell_pressure,424.0
lgbm_network_pressure,fwd_ret_3m,2012,z_fragility_proxy_x_stock_sell_pressure,174.0
lgbm_network_pressure,fwd_ret_3m,2012,z_fragility_proxy_x_network_peer_sell_pressure,133.0
lgbm_network_pressure,fwd_ret_3m,2012,z_owner_hhi_x_stock_sell_pressure,338.0
lgbm_network_pressure,fwd_ret_3m,2012,z_network_weighted_degree_x_network_peer_sell_pressure,206.0
ridge_all,fwd_ret_3m,2013,z_owner_count,0.0043551186099648476
ridge_all,fwd_ret_3m,2013,z_owner_hhi,0.009008769877254963
ridge_all,fwd_ret_3m,2013,z_top_owner_share,0.005153129808604717
ridge_all,fwd_ret_3m,2013,z_fragility_proxy,0.002458957489579916
ridge_all,fwd_ret_3m,2013,z_avg_manager_breadth,0.005429345648735762
ridge_all,fwd_ret_3m,2013,z_stock_sell_pressure,0.10563933849334717
ridge_all,fwd_ret_3m,2013,z_network_degree,0.004882689565420151
ridge_all,fwd_ret_3m,2013,z_network_weighted_degree,0.0032716249115765095
ridge_all,fwd_ret_3m,2013,z_network_peer_sell_pressure,0.00824552122503519
ridge_all,fwd_ret_3m,2013,z_mktcap_proxy,0.006487191189080477
ridge_all,fwd_ret_3m,2013,z_vol,0.022205989807844162
ridge_all,fwd_ret_3m,2013,z_fragility_proxy_x_stock_sell_pressure,0.016604164615273476
ridge_all,fwd_ret_3m,2013,z_fragility_proxy_x_network_peer_sell_pressure,0.0019578393548727036
ridge_all,fwd_ret_3m,2013,z_owner_hhi_x_stock_sell_pressure,0.0467795766890049
ridge_all,fwd_ret_3m,2013,z_network_weighted_degree_x_network_peer_sell_pressure,0.0066900248639285564
lgbm_all,fwd_ret_3m,2013,z_owner_count,30.0
lgbm_all,fwd_ret_3m,2013,z_owner_hhi,36.0
lgbm_all,fwd_ret_3m,2013,z_top_owner_share,10.0
lgbm_all,fwd_ret_3m,2013,z_fragility_proxy,2.0
lgbm_all,fwd_ret_3m,2013,z_avg_manager_breadth,21.0
lgbm_all,fwd_ret_3m,2013,z_stock_sell_pressure,37.0
lgbm_all,fwd_ret_3m,2013,z_network_degree,56.0
lgbm_all,fwd_ret_3m,2013,z_network_weighted_degree,86.0
lgbm_all,fwd_ret_3m,2013,z_network_peer_sell_pressure,8.0
lgbm_all,fwd_ret_3m,2013,z_mktcap_proxy,89.0
lgbm_all,fwd_ret_3m,2013,z_vol,114.0
lgbm_all,fwd_ret_3m,2013,z_fragility_proxy_x_stock_sell_pressure,1.0
lgbm_all,fwd_ret_3m,2013,z_fragility_proxy_x_network_peer_sell_pressure,0.0
lgbm_all,fwd_ret_3m,2013,z_owner_hhi_x_stock_sell_pressure,19.0
lgbm_all,fwd_ret_3m,2013,z_network_weighted_degree_x_network_peer_sell_pressure,1.0
lgbm_no_network,fwd_ret_3m,2013,z_owner_count,304.0
lgbm_no_network,fwd_ret_3m,2013,z_owner_hhi,328.0
lgbm_no_network,fwd_ret_3m,2013,z_top_owner_share,92.0
lgbm_no_network,fwd_ret_3m,2013,z_fragility_proxy,90.0
lgbm_no_network,fwd_ret_3m,2013,z_avg_manager_breadth,118.0
lgbm_no_network,fwd_ret_3m,2013,z_stock_sell_pressure,498.0
lgbm_no_network,fwd_ret_3m,2013,z_mktcap_proxy,470.0
lgbm_no_network,fwd_ret_3m,2013,z_vol,449.0
lgbm_no_network,fwd_ret_3m,2013,z_fragility_proxy_x_stock_sell_pressure,25.0
lgbm_no_network,fwd_ret_3m,2013,z_owner_hhi_x_stock_sell_pressure,146.0
lgbm_network_pressure,fwd_ret_3m,2013,z_stock_sell_pressure,301.0
lgbm_network_pressure,fwd_ret_3m,2013,z_network_degree,161.0
lgbm_network_pressure,fwd_ret_3m,2013,z_network_weighted_degree,201.0
lgbm_network_pressure,fwd_ret_3m,2013,z_network_peer_sell_pressure,90.0
lgbm_network_pressure,fwd_ret_3m,2013,z_fragility_proxy_x_stock_sell_pressure,21.0
lgbm_network_pressure,fwd_ret_3m,2013,z_fragility_proxy_x_network_peer_sell_pressure,3.0
lgbm_network_pressure,fwd_ret_3m,2013,z_owner_hhi_x_stock_sell_pressure,79.0
lgbm_network_pressure,fwd_ret_3m,2013,z_network_weighted_degree_x_network_peer_sell_pressure,44.0
ridge_all,fwd_ret_3m,2014,z_owner_count,0.00016961677465587854
ridge_all,fwd_ret_3m,2014,z_owner_hhi,0.017508210614323616
ridge_all,fwd_ret_3m,2014,z_top_owner_share,0.010094507597386837
ridge_all,fwd_ret_3m,2014,z_fragility_proxy,0.002600593725219369
ridge_all,fwd_ret_3m,2014,z_avg_manager_breadth,0.008830688893795013
ridge_all,fwd_ret_3m,2014,z_stock_sell_pressure,0.10497847199440002
ridge_all,fwd_ret_3m,2014,z_network_degree,0.016303623095154762
ridge_all,fwd_ret_3m,2014,z_network_weighted_degree,0.006488267797976732
ridge_all,fwd_ret_3m,2014,z_network_peer_sell_pressure,0.007869531400501728
ridge_all,fwd_ret_3m,2014,z_mktcap_proxy,0.0062847379595041275
ridge_all,fwd_ret_3m,2014,z_vol,0.023727290332317352
ridge_all,fwd_ret_3m,2014,z_fragility_proxy_x_stock_sell_pressure,0.018130265176296234
ridge_all,fwd_ret_3m,2014,z_fragility_proxy_x_network_peer_sell_pressure,0.0013859927421435714
ridge_all,fwd_ret_3m,2014,z_owner_hhi_x_stock_sell_pressure,0.04628194123506546
ridge_all,fwd_ret_3m,2014,z_network_weighted_degree_x_network_peer_sell_pressure,0.005910856183618307
lgbm_all,fwd_ret_3m,2014,z_owner_count,2.0
lgbm_all,fwd_ret_3m,2014,z_owner_hhi,1.0
lgbm_all,fwd_ret_3m,2014,z_top_owner_share,1.0
lgbm_all,fwd_ret_3m,2014,z_fragility_proxy,0.0
lgbm_all,fwd_ret_3m,2014,z_avg_manager_breadth,1.0
lgbm_all,fwd_ret_3m,2014,z_stock_sell_pressure,6.0
lgbm_all,fwd_ret_3m,2014,z_network_degree,7.0
lgbm_all,fwd_ret_3m,2014,z_network_weighted_degree,0.0
lgbm_all,fwd_ret_3m,2014,z_network_peer_sell_pressure,0.0
lgbm_all,fwd_ret_3m,2014,z_mktcap_proxy,6.0
lgbm_all,fwd_ret_3m,2014,z_vol,5.0
lgbm_all,fwd_ret_3m,2014,z_fragility_proxy_x_stock_sell_pressure,0.0
lgbm_all,fwd_ret_3m,2014,z_fragility_proxy_x_network_peer_sell_pressure,0.0
lgbm_all,fwd_ret_3m,2014,z_owner_hhi_x_stock_sell_pressure,1.0
lgbm_all,fwd_ret_3m,2014,z_network_weighted_degree_x_network_peer_sell_pressure,0.0
lgbm_no_network,fwd_ret_3m,2014,z_owner_count,0.0
lgbm_no_network,fwd_ret_3m,2014,z_owner_hhi,5.0
lgbm_no_network,fwd_ret_3m,2014,z_top_owner_share,1.0
lgbm_no_network,fwd_ret_3m,2014,z_fragility_proxy,1.0
lgbm_no_network,fwd_ret_3m,2014,z_avg_manager_breadth,3.0
lgbm_no_network,fwd_ret_3m,2014,z_stock_sell_pressure,5.0
lgbm_no_network,fwd_ret_3m,2014,z_mktcap_proxy,6.0
lgbm_no_network,fwd_ret_3m,2014,z_vol,7.0
lgbm_no_network,fwd_ret_3m,2014,z_fragility_proxy_x_stock_sell_pressure,0.0
lgbm_no_network,fwd_ret_3m,2014,z_owner_hhi_x_stock_sell_pressure,2.0
lgbm_network_pressure,fwd_ret_3m,2014,z_stock_sell_pressure,0.0
lgbm_network_pressure,fwd_ret_3m,2014,z_network_degree,7.0
lgbm_network_pressure,fwd_ret_3m,2014,z_network_weighted_degree,9.0
lgbm_network_pressure,fwd_ret_3m,2014,z_network_peer_sell_pressure,4.0
lgbm_network_pressure,fwd_ret_3m,2014,z_fragility_proxy_x_stock_sell_pressure,2.0
lgbm_network_pressure,fwd_ret_3m,2014,z_fragility_proxy_x_network_peer_sell_pressure,0.0
lgbm_network_pressure,fwd_ret_3m,2014,z_owner_hhi_x_stock_sell_pressure,8.0
lgbm_network_pressure,fwd_ret_3m,2014,z_network_weighted_degree_x_network_peer_sell_pressure,0.0
ridge_all,fwd_ret_3m,2015,z_owner_count,7.635162182850763e-05
ridge_all,fwd_ret_3m,2015,z_owner_hhi,0.013449332676827908
ridge_all,fwd_ret_3m,2015,z_top_owner_share,0.00815742090344429
ridge_all,fwd_ret_3m,2015,z_fragility_proxy,0.0025360407307744026
ridge_all,fwd_ret_3m,2015,z_avg_manager_breadth,0.008085330948233604
ridge_all,fwd_ret_3m,2015,z_stock_sell_pressure,0.10200436413288116
ridge_all,fwd_ret_3m,2015,z_network_degree,0.015227854251861572
ridge_all,fwd_ret_3m,2015,z_network_weighted_degree,0.004899060353636742
ridge_all,fwd_ret_3m,2015,z_network_peer_sell_pressure,0.007549689617007971
ridge_all,fwd_ret_3m,2015,z_mktcap_proxy,0.0041425954550504684
ridge_all,fwd_ret_3m,2015,z_vol,0.023269975557923317
ridge_all,fwd_ret_3m,2015,z_fragility_proxy_x_stock_sell_pressure,0.0157482847571373
ridge_all,fwd_ret_3m,2015,z_fragility_proxy_x_network_peer_sell_pressure,0.0013813646510243416
ridge_all,fwd_ret_3m,2015,z_owner_hhi_x_stock_sell_pressure,0.04612647369503975
ridge_all,fwd_ret_3m,2015,z_network_weighted_degree_x_network_peer_sell_pressure,0.006264106370508671
lgbm_all,fwd_ret_3m,2015,z_owner_count,2.0
lgbm_all,fwd_ret_3m,2015,z_owner_hhi,3.0
lgbm_all,fwd_ret_3m,2015,z_top_owner_share,1.0
lgbm_all,fwd_ret_3m,2015,z_fragility_proxy,0.0
lgbm_all,fwd_ret_3m,2015,z_avg_manager_breadth,1.0
lgbm_all,fwd_ret_3m,2015,z_stock_sell_pressure,5.0
lgbm_all,fwd_ret_3m,2015,z_network_degree,6.0
lgbm_all,fwd_ret_3m,2015,z_network_weighted_degree,0.0
lgbm_all,fwd_ret_3m,2015,z_network_peer_sell_pressure,0.0
lgbm_all,fwd_ret_3m,2015,z_mktcap_proxy,7.0
lgbm_all,fwd_ret_3m,2015,z_vol,5.0
lgbm_all,fwd_ret_3m,2015,z_fragility_proxy_x_stock_sell_pressure,0.0
lgbm_all,fwd_ret_3m,2015,z_fragility_proxy_x_network_peer_sell_pressure,0.0
lgbm_all,fwd_ret_3m,2015,z_owner_hhi_x_stock_sell_pressure,0.0
lgbm_all,fwd_ret_3m,2015,z_network_weighted_degree_x_network_peer_sell_pressure,0.0
lgbm_no_network,fwd_ret_3m,2015,z_owner_count,0.0
lgbm_no_network,fwd_ret_3m,2015,z_owner_hhi,5.0
lgbm_no_network,fwd_ret_3m,2015,z_top_owner_share,1.0
lgbm_no_network,fwd_ret_3m,2015,z_fragility_proxy,1.0
lgbm_no_network,fwd_ret_3m,2015,z_avg_manager_breadth,3.0
lgbm_no_network,fwd_ret_3m,2015,z_stock_sell_pressure,9.0
lgbm_no_network,fwd_ret_3m,2015,z_mktcap_proxy,3.0
lgbm_no_network,fwd_ret_3m,2015,z_vol,7.0
lgbm_no_network,fwd_ret_3m,2015,z_fragility_proxy_x_stock_sell_pressure,0.0
lgbm_no_network,fwd_ret_3m,2015,z_owner_hhi_x_stock_sell_pressure,1.0
lgbm_network_pressure,fwd_ret_3m,2015,z_stock_sell_pressure,0.0
lgbm_network_pressure,fwd_ret_3m,2015,z_network_degree,7.0
lgbm_network_pressure,fwd_ret_3m,2015,z_network_weighted_degree,9.0
lgbm_network_pressure,fwd_ret_3m,2015,z_network_peer_sell_pressure,5.0
lgbm_network_pressure,fwd_ret_3m,2015,z_fragility_proxy_x_stock_sell_pressure,3.0
lgbm_network_pressure,fwd_ret_3m,2015,z_fragility_proxy_x_network_peer_sell_pressure,0.0
lgbm_network_pressure,fwd_ret_3m,2015,z_owner_hhi_x_stock_sell_pressure,6.0
lgbm_network_pressure,fwd_ret_3m,2015,z_network_weighted_degree_x_network_peer_sell_pressure,0.0
ridge_all,fwd_ret_3m,2016,z_owner_count,0.002232733415439725
ridge_all,fwd_ret_3m,2016,z_owner_hhi,0.009355636313557625
ridge_all,fwd_ret_3m,2016,z_top_owner_share,0.005095463711768389
ridge_all,fwd_ret_3m,2016,z_fragility_proxy,0.004246884025633335
ridge_all,fwd_ret_3m,2016,z_avg_manager_breadth,0.008700381964445114
ridge_all,fwd_ret_3m,2016,z_stock_sell_pressure,0.0975896343588829
ridge_all,fwd_ret_3m,2016,z_network_degree,0.014532133005559444
ridge_all,fwd_ret_3m,2016,z_network_weighted_degree,0.006007078103721142
ridge_all,fwd_ret_3m,2016,z_network_peer_sell_pressure,0.007068895734846592
ridge_all,fwd_ret_3m,2016,z_mktcap_proxy,0.0039020399563014507
ridge_all,fwd_ret_3m,2016,z_vol,0.02036108635365963
ridge_all,fwd_ret_3m,2016,z_fragility_proxy_x_stock_sell_pressure,0.015136918053030968
ridge_all,fwd_ret_3m,2016,z_fragility_proxy_x_network_peer_sell_pressure,0.0008016143692657351
ridge_all,fwd_ret_3m,2016,z_owner_hhi_x_stock_sell_pressure,0.04402842000126839
ridge_all,fwd_ret_3m,2016,z_network_weighted_degree_x_network_peer_sell_pressure,0.005908385384827852
lgbm_all,fwd_ret_3m,2016,z_owner_count,73.0
lgbm_all,fwd_ret_3m,2016,z_owner_hhi,78.0
lgbm_all,fwd_ret_3m,2016,z_top_owner_share,21.0
lgbm_all,fwd_ret_3m,2016,z_fragility_proxy,24.0
lgbm_all,fwd_ret_3m,2016,z_avg_manager_breadth,39.0
lgbm_all,fwd_ret_3m,2016,z_stock_sell_pressure,118.0
lgbm_all,fwd_ret_3m,2016,z_network_degree,164.0
lgbm_all,fwd_ret_3m,2016,z_network_weighted_degree,143.0
lgbm_all,fwd_ret_3m,2016,z_network_peer_sell_pressure,14.0
lgbm_all,fwd_ret_3m,2016,z_mktcap_proxy,174.0
lgbm_all,fwd_ret_3m,2016,z_vol,225.0
lgbm_all,fwd_ret_3m,2016,z_fragility_proxy_x_stock_sell_pressure,7.0
lgbm_all,fwd_ret_3m,2016,z_fragility_proxy_x_network_peer_sell_pressure,0.0
lgbm_all,fwd_ret_3m,2016,z_owner_hhi_x_stock_sell_pressure,53.0
lgbm_all,fwd_ret_3m,2016,z_network_weighted_degree_x_network_peer_sell_pressure,7.0
lgbm_no_network,fwd_ret_3m,2016,z_owner_count,423.0
lgbm_no_network,fwd_ret_3m,2016,z_owner_hhi,350.0
lgbm_no_network,fwd_ret_3m,2016,z_top_owner_share,110.0
lgbm_no_network,fwd_ret_3m,2016,z_fragility_proxy,154.0
lgbm_no_network,fwd_ret_3m,2016,z_avg_manager_breadth,156.0
lgbm_no_network,fwd_ret_3m,2016,z_stock_sell_pressure,616.0
lgbm_no_network,fwd_ret_3m,2016,z_mktcap_proxy,565.0
lgbm_no_network,fwd_ret_3m,2016,z_vol,579.0
lgbm_no_network,fwd_ret_3m,2016,z_fragility_proxy_x_stock_sell_pressure,44.0
lgbm_no_network,fwd_ret_3m,2016,z_owner_hhi_x_stock_sell_pressure,183.0
lgbm_network_pressure,fwd_ret_3m,2016,z_stock_sell_pressure,0.0
lgbm_network_pressure,fwd_ret_3m,2016,z_network_degree,7.0
lgbm_network_pressure,fwd_ret_3m,2016,z_network_weighted_degree,11.0
lgbm_network_pressure,fwd_ret_3m,2016,z_network_peer_sell_pressure,3.0
lgbm_network_pressure,fwd_ret_3m,2016,z_fragility_proxy_x_stock_sell_pressure,3.0
lgbm_network_pressure,fwd_ret_3m,2016,z_fragility_proxy_x_network_peer_sell_pressure,0.0
lgbm_network_pressure,fwd_ret_3m,2016,z_owner_hhi_x_stock_sell_pressure,5.0
lgbm_network_pressure,fwd_ret_3m,2016,z_network_weighted_degree_x_network_peer_sell_pressure,1.0
ridge_all,fwd_ret_3m,2017,z_owner_count,0.0029827184043824673
ridge_all,fwd_ret_3m,2017,z_owner_hhi,0.008960389532148838
ridge_all,fwd_ret_3m,2017,z_top_owner_share,0.004721985664218664
ridge_all,fwd_ret_3m,2017,z_fragility_proxy,0.004799748305231333
ridge_all,fwd_ret_3m,2017,z_avg_manager_breadth,0.008884765207767487
ridge_all,fwd_ret_3m,2017,z_stock_sell_pressure,0.09535741060972214
ridge_all,fwd_ret_3m,2017,z_network_degree,0.014279107563197613
ridge_all,fwd_ret_3m,2017,z_network_weighted_degree,0.006444006692618132
ridge_all,fwd_ret_3m,2017,z_network_peer_sell_pressure,0.007525630295276642
ridge_all,fwd_ret_3m,2017,z_mktcap_proxy,0.00355512835085392
ridge_all,fwd_ret_3m,2017,z_vol,0.018590692430734634
ridge_all,fwd_ret_3m,2017,z_fragility_proxy_x_stock_sell_pressure,0.012878555804491043
ridge_all,fwd_ret_3m,2017,z_fragility_proxy_x_network_peer_sell_pressure,0.0009274176554754376
ridge_all,fwd_ret_3m,2017,z_owner_hhi_x_stock_sell_pressure,0.04594399407505989
ridge_all,fwd_ret_3m,2017,z_network_weighted_degree_x_network_peer_sell_pressure,0.005219093523919582
lgbm_all,fwd_ret_3m,2017,z_owner_count,72.0
lgbm_all,fwd_ret_3m,2017,z_owner_hhi,75.0
lgbm_all,fwd_ret_3m,2017,z_top_owner_share,18.0
lgbm_all,fwd_ret_3m,2017,z_fragility_proxy,26.0
lgbm_all,fwd_ret_3m,2017,z_avg_manager_breadth,35.0
lgbm_all,fwd_ret_3m,2017,z_stock_sell_pressure,96.0
lgbm_all,fwd_ret_3m,2017,z_network_degree,161.0
lgbm_all,fwd_ret_3m,2017,z_network_weighted_degree,134.0
lgbm_all,fwd_ret_3m,2017,z_network_peer_sell_pressure,12.0
lgbm_all,fwd_ret_3m,2017,z_mktcap_proxy,161.0
lgbm_all,fwd_ret_3m,2017,z_vol,195.0
lgbm_all,fwd_ret_3m,2017,z_fragility_proxy_x_stock_sell_pressure,7.0
lgbm_all,fwd_ret_3m,2017,z_fragility_proxy_x_network_peer_sell_pressure,0.0
lgbm_all,fwd_ret_3m,2017,z_owner_hhi_x_stock_sell_pressure,52.0
lgbm_all,fwd_ret_3m,2017,z_network_weighted_degree_x_network_peer_sell_pressure,6.0
lgbm_no_network,fwd_ret_3m,2017,z_owner_count,540.0
lgbm_no_network,fwd_ret_3m,2017,z_owner_hhi,454.0
lgbm_no_network,fwd_ret_3m,2017,z_top_owner_share,105.0
lgbm_no_network,fwd_ret_3m,2017,z_fragility_proxy,207.0
lgbm_no_network,fwd_ret_3m,2017,z_avg_manager_breadth,173.0
lgbm_no_network,fwd_ret_3m,2017,z_stock_sell_pressure,720.0
lgbm_no_network,fwd_ret_3m,2017,z_mktcap_proxy,700.0
lgbm_no_network,fwd_ret_3m,2017,z_vol,647.0
lgbm_no_network,fwd_ret_3m,2017,z_fragility_proxy_x_stock_sell_pressure,63.0
lgbm_no_network,fwd_ret_3m,2017,z_owner_hhi_x_stock_sell_pressure,201.0
lgbm_network_pressure,fwd_ret_3m,2017,z_stock_sell_pressure,21.0
lgbm_network_pressure,fwd_ret_3m,2017,z_network_degree,33.0
lgbm_network_pressure,fwd_ret_3m,2017,z_network_weighted_degree,37.0
lgbm_network_pressure,fwd_ret_3m,2017,z_network_peer_sell_pressure,9.0
lgbm_network_pressure,fwd_ret_3m,2017,z_fragility_proxy_x_stock_sell_pressure,4.0
lgbm_network_pressure,fwd_ret_3m,2017,z_fragility_proxy_x_network_peer_sell_pressure,1.0
lgbm_network_pressure,fwd_ret_3m,2017,z_owner_hhi_x_stock_sell_pressure,10.0
lgbm_network_pressure,fwd_ret_3m,2017,z_network_weighted_degree_x_network_peer_sell_pressure,5.0
ridge_all,fwd_ret_3m,2018,z_owner_count,0.0020678674336522818
ridge_all,fwd_ret_3m,2018,z_owner_hhi,0.008376616053283215
ridge_all,fwd_ret_3m,2018,z_top_owner_share,0.006251086946576834
ridge_all,fwd_ret_3m,2018,z_fragility_proxy,0.004159235395491123
ridge_all,fwd_ret_3m,2018,z_avg_manager_breadth,0.008582101203501225
ridge_all,fwd_ret_3m,2018,z_stock_sell_pressure,0.09459274262189865
ridge_all,fwd_ret_3m,2018,z_network_degree,0.01308390125632286
ridge_all,fwd_ret_3m,2018,z_network_weighted_degree,0.004822686314582825
ridge_all,fwd_ret_3m,2018,z_network_peer_sell_pressure,0.007527816575020552
ridge_all,fwd_ret_3m,2018,z_mktcap_proxy,0.0014261711621657014
ridge_all,fwd_ret_3m,2018,z_vol,0.020268650725483894
ridge_all,fwd_ret_3m,2018,z_fragility_proxy_x_stock_sell_pressure,0.012444726191461086
ridge_all,fwd_ret_3m,2018,z_fragility_proxy_x_network_peer_sell_pressure,0.001071547856554389
ridge_all,fwd_ret_3m,2018,z_owner_hhi_x_stock_sell_pressure,0.0459204763174057
ridge_all,fwd_ret_3m,2018,z_network_weighted_degree_x_network_peer_sell_pressure,0.004947382491081953
lgbm_all,fwd_ret_3m,2018,z_owner_count,130.0
lgbm_all,fwd_ret_3m,2018,z_owner_hhi,168.0
lgbm_all,fwd_ret_3m,2018,z_top_owner_share,29.0
lgbm_all,fwd_ret_3m,2018,z_fragility_proxy,69.0
lgbm_all,fwd_ret_3m,2018,z_avg_manager_breadth,62.0
lgbm_all,fwd_ret_3m,2018,z_stock_sell_pressure,374.0
lgbm_all,fwd_ret_3m,2018,z_network_degree,273.0
lgbm_all,fwd_ret_3m,2018,z_network_weighted_degree,289.0
lgbm_all,fwd_ret_3m,2018,z_network_peer_sell_pressure,63.0
lgbm_all,fwd_ret_3m,2018,z_mktcap_proxy,331.0
lgbm_all,fwd_ret_3m,2018,z_vol,347.0
lgbm_all,fwd_ret_3m,2018,z_fragility_proxy_x_stock_sell_pressure,14.0
lgbm_all,fwd_ret_3m,2018,z_fragility_proxy_x_network_peer_sell_pressure,9.0
lgbm_all,fwd_ret_3m,2018,z_owner_hhi_x_stock_sell_pressure,97.0
lgbm_all,fwd_ret_3m,2018,z_network_weighted_degree_x_network_peer_sell_pressure,25.0
lgbm_no_network,fwd_ret_3m,2018,z_owner_count,196.0
lgbm_no_network,fwd_ret_3m,2018,z_owner_hhi,205.0
lgbm_no_network,fwd_ret_3m,2018,z_top_owner_share,47.0
lgbm_no_network,fwd_ret_3m,2018,z_fragility_proxy,83.0
lgbm_no_network,fwd_ret_3m,2018,z_avg_manager_breadth,69.0
lgbm_no_network,fwd_ret_3m,2018,z_stock_sell_pressure,343.0
lgbm_no_network,fwd_ret_3m,2018,z_mktcap_proxy,268.0
lgbm_no_network,fwd_ret_3m,2018,z_vol,313.0
lgbm_no_network,fwd_ret_3m,2018,z_fragility_proxy_x_stock_sell_pressure,19.0
lgbm_no_network,fwd_ret_3m,2018,z_owner_hhi_x_stock_sell_pressure,107.0
lgbm_network_pressure,fwd_ret_3m,2018,z_stock_sell_pressure,295.0
lgbm_network_pressure,fwd_ret_3m,2018,z_network_degree,169.0
lgbm_network_pressure,fwd_ret_3m,2018,z_network_weighted_degree,164.0
lgbm_network_pressure,fwd_ret_3m,2018,z_network_peer_sell_pressure,93.0
lgbm_network_pressure,fwd_ret_3m,2018,z_fragility_proxy_x_stock_sell_pressure,31.0
lgbm_network_pressure,fwd_ret_3m,2018,z_fragility_proxy_x_network_peer_sell_pressure,13.0
lgbm_network_pressure,fwd_ret_3m,2018,z_owner_hhi_x_stock_sell_pressure,77.0
lgbm_network_pressure,fwd_ret_3m,2018,z_network_weighted_degree_x_network_peer_sell_pressure,28.0
ridge_all,fwd_ret_3m,2019,z_owner_count,0.001732309814542532
ridge_all,fwd_ret_3m,2019,z_owner_hhi,0.006013710983097553
ridge_all,fwd_ret_3m,2019,z_top_owner_share,0.005686835385859013
ridge_all,fwd_ret_3m,2019,z_fragility_proxy,0.0045350478030741215
ridge_all,fwd_ret_3m,2019,z_avg_manager_breadth,0.008466659113764763
ridge_all,fwd_ret_3m,2019,z_stock_sell_pressure,0.09312456101179123
ridge_all,fwd_ret_3m,2019,z_network_degree,0.012418478727340698
ridge_all,fwd_ret_3m,2019,z_network_weighted_degree,0.003034879919141531
ridge_all,fwd_ret_3m,2019,z_network_peer_sell_pressure,0.0073020863346755505
ridge_all,fwd_ret_3m,2019,z_mktcap_proxy,0.0005359795759432018
ridge_all,fwd_ret_3m,2019,z_vol,0.0187612846493721
ridge_all,fwd_ret_3m,2019,z_fragility_proxy_x_stock_sell_pressure,0.011130583472549915
ridge_all,fwd_ret_3m,2019,z_fragility_proxy_x_network_peer_sell_pressure,0.0011530052870512009
ridge_all,fwd_ret_3m,2019,z_owner_hhi_x_stock_sell_pressure,0.04517996683716774
ridge_all,fwd_ret_3m,2019,z_network_weighted_degree_x_network_peer_sell_pressure,0.005100857932120562
lgbm_all,fwd_ret_3m,2019,z_owner_count,151.0
lgbm_all,fwd_ret_3m,2019,z_owner_hhi,171.0
lgbm_all,fwd_ret_3m,2019,z_top_owner_share,45.0
lgbm_all,fwd_ret_3m,2019,z_fragility_proxy,103.0
lgbm_all,fwd_ret_3m,2019,z_avg_manager_breadth,80.0
lgbm_all,fwd_ret_3m,2019,z_stock_sell_pressure,396.0
lgbm_all,fwd_ret_3m,2019,z_network_degree,321.0
lgbm_all,fwd_ret_3m,2019,z_network_weighted_degree,330.0
lgbm_all,fwd_ret_3m,2019,z_network_peer_sell_pressure,82.0
lgbm_all,fwd_ret_3m,2019,z_mktcap_proxy,344.0
lgbm_all,fwd_ret_3m,2019,z_vol,382.0
lgbm_all,fwd_ret_3m,2019,z_fragility_proxy_x_stock_sell_pressure,19.0
lgbm_all,fwd_ret_3m,2019,z_fragility_proxy_x_network_peer_sell_pressure,10.0
lgbm_all,fwd_ret_3m,2019,z_owner_hhi_x_stock_sell_pressure,118.0
lgbm_all,fwd_ret_3m,2019,z_network_weighted_degree_x_network_peer_sell_pressure,28.0
lgbm_no_network,fwd_ret_3m,2019,z_owner_count,233.0
lgbm_no_network,fwd_ret_3m,2019,z_owner_hhi,203.0
lgbm_no_network,fwd_ret_3m,2019,z_top_owner_share,66.0
lgbm_no_network,fwd_ret_3m,2019,z_fragility_proxy,105.0
lgbm_no_network,fwd_ret_3m,2019,z_avg_manager_breadth,83.0
lgbm_no_network,fwd_ret_3m,2019,z_stock_sell_pressure,391.0
lgbm_no_network,fwd_ret_3m,2019,z_mktcap_proxy,301.0
lgbm_no_network,fwd_ret_3m,2019,z_vol,345.0
lgbm_no_network,fwd_ret_3m,2019,z_fragility_proxy_x_stock_sell_pressure,25.0
lgbm_no_network,fwd_ret_3m,2019,z_owner_hhi_x_stock_sell_pressure,108.0
lgbm_network_pressure,fwd_ret_3m,2019,z_stock_sell_pressure,284.0
lgbm_network_pressure,fwd_ret_3m,2019,z_network_degree,157.0
lgbm_network_pressure,fwd_ret_3m,2019,z_network_weighted_degree,154.0
lgbm_network_pressure,fwd_ret_3m,2019,z_network_peer_sell_pressure,78.0
lgbm_network_pressure,fwd_ret_3m,2019,z_fragility_proxy_x_stock_sell_pressure,25.0
lgbm_network_pressure,fwd_ret_3m,2019,z_fragility_proxy_x_network_peer_sell_pressure,18.0
lgbm_network_pressure,fwd_ret_3m,2019,z_owner_hhi_x_stock_sell_pressure,73.0
lgbm_network_pressure,fwd_ret_3m,2019,z_network_weighted_degree_x_network_peer_sell_pressure,21.0
ridge_all,fwd_ret_3m,2020,z_owner_count,0.002955425065010786
ridge_all,fwd_ret_3m,2020,z_owner_hhi,0.006190476007759571
ridge_all,fwd_ret_3m,2020,z_top_owner_share,0.006695455871522427
ridge_all,fwd_ret_3m,2020,z_fragility_proxy,0.005418530199676752
ridge_all,fwd_ret_3m,2020,z_avg_manager_breadth,0.009094943292438984
ridge_all,fwd_ret_3m,2020,z_stock_sell_pressure,0.08950230479240417
ridge_all,fwd_ret_3m,2020,z_network_degree,0.012669258750975132
ridge_all,fwd_ret_3m,2020,z_network_weighted_degree,0.003271121997386217
ridge_all,fwd_ret_3m,2020,z_network_peer_sell_pressure,0.007366023026406765
ridge_all,fwd_ret_3m,2020,z_mktcap_proxy,0.0003255781775806099
ridge_all,fwd_ret_3m,2020,z_vol,0.01813032478094101
ridge_all,fwd_ret_3m,2020,z_fragility_proxy_x_stock_sell_pressure,0.010145426727831364
ridge_all,fwd_ret_3m,2020,z_fragility_proxy_x_network_peer_sell_pressure,0.0012901232112199068
ridge_all,fwd_ret_3m,2020,z_owner_hhi_x_stock_sell_pressure,0.0445195734500885
ridge_all,fwd_ret_3m,2020,z_network_weighted_degree_x_network_peer_sell_pressure,0.004770179744809866
lgbm_all,fwd_ret_3m,2020,z_owner_count,199.0
lgbm_all,fwd_ret_3m,2020,z_owner_hhi,222.0
lgbm_all,fwd_ret_3m,2020,z_top_owner_share,57.0
lgbm_all,fwd_ret_3m,2020,z_fragility_proxy,127.0
lgbm_all,fwd_ret_3m,2020,z_avg_manager_breadth,96.0
lgbm_all,fwd_ret_3m,2020,z_stock_sell_pressure,478.0
lgbm_all,fwd_ret_3m,2020,z_network_degree,359.0
lgbm_all,fwd_ret_3m,2020,z_network_weighted_degree,333.0
lgbm_all,fwd_ret_3m,2020,z_network_peer_sell_pressure,116.0
lgbm_all,fwd_ret_3m,2020,z_mktcap_proxy,417.0
lgbm_all,fwd_ret_3m,2020,z_vol,452.0
lgbm_all,fwd_ret_3m,2020,z_fragility_proxy_x_stock_sell_pressure,30.0
lgbm_all,fwd_ret_3m,2020,z_fragility_proxy_x_network_peer_sell_pressure,21.0
lgbm_all,fwd_ret_3m,2020,z_owner_hhi_x_stock_sell_pressure,125.0
lgbm_all,fwd_ret_3m,2020,z_network_weighted_degree_x_network_peer_sell_pressure,28.0
lgbm_no_network,fwd_ret_3m,2020,z_owner_count,1073.0
lgbm_no_network,fwd_ret_3m,2020,z_owner_hhi,857.0
lgbm_no_network,fwd_ret_3m,2020,z_top_owner_share,309.0
lgbm_no_network,fwd_ret_3m,2020,z_fragility_proxy,502.0
lgbm_no_network,fwd_ret_3m,2020,z_avg_manager_breadth,472.0
lgbm_no_network,fwd_ret_3m,2020,z_stock_sell_pressure,1143.0
lgbm_no_network,fwd_ret_3m,2020,z_mktcap_proxy,1434.0
lgbm_no_network,fwd_ret_3m,2020,z_vol,1296.0
lgbm_no_network,fwd_ret_3m,2020,z_fragility_proxy_x_stock_sell_pressure,164.0
lgbm_no_network,fwd_ret_3m,2020,z_owner_hhi_x_stock_sell_pressure,340.0
lgbm_network_pressure,fwd_ret_3m,2020,z_stock_sell_pressure,343.0
lgbm_network_pressure,fwd_ret_3m,2020,z_network_degree,258.0
lgbm_network_pressure,fwd_ret_3m,2020,z_network_weighted_degree,239.0
lgbm_network_pressure,fwd_ret_3m,2020,z_network_peer_sell_pressure,114.0
lgbm_network_pressure,fwd_ret_3m,2020,z_fragility_proxy_x_stock_sell_pressure,34.0
lgbm_network_pressure,fwd_ret_3m,2020,z_fragility_proxy_x_network_peer_sell_pressure,32.0
lgbm_network_pressure,fwd_ret_3m,2020,z_owner_hhi_x_stock_sell_pressure,124.0
lgbm_network_pressure,fwd_ret_3m,2020,z_network_weighted_degree_x_network_peer_sell_pressure,26.0
ridge_all,fwd_ret_3m,2021,z_owner_count,0.0038485578261315823
ridge_all,fwd_ret_3m,2021,z_owner_hhi,0.003722413443028927
ridge_all,fwd_ret_3m,2021,z_top_owner_share,0.004738873336464167
ridge_all,fwd_ret_3m,2021,z_fragility_proxy,0.005729868076741695
ridge_all,fwd_ret_3m,2021,z_avg_manager_breadth,0.009276396594941616
ridge_all,fwd_ret_3m,2021,z_stock_sell_pressure,0.08930820226669312
ridge_all,fwd_ret_3m,2021,z_network_degree,0.01288237702101469
ridge_all,fwd_ret_3m,2021,z_network_weighted_degree,0.0038753298576921225
ridge_all,fwd_ret_3m,2021,z_network_peer_sell_pressure,0.007091580890119076
ridge_all,fwd_ret_3m,2021,z_mktcap_proxy,0.00019365055777598172
ridge_all,fwd_ret_3m,2021,z_vol,0.017108246684074402
ridge_all,fwd_ret_3m,2021,z_fragility_proxy_x_stock_sell_pressure,0.011711573228240013
ridge_all,fwd_ret_3m,2021,z_fragility_proxy_x_network_peer_sell_pressure,0.0011906721629202366
ridge_all,fwd_ret_3m,2021,z_owner_hhi_x_stock_sell_pressure,0.044734496623277664
ridge_all,fwd_ret_3m,2021,z_network_weighted_degree_x_network_peer_sell_pressure,0.0049768066965043545
lgbm_all,fwd_ret_3m,2021,z_owner_count,1655.0
lgbm_all,fwd_ret_3m,2021,z_owner_hhi,1255.0
lgbm_all,fwd_ret_3m,2021,z_top_owner_share,633.0
lgbm_all,fwd_ret_3m,2021,z_fragility_proxy,867.0
lgbm_all,fwd_ret_3m,2021,z_avg_manager_breadth,989.0
lgbm_all,fwd_ret_3m,2021,z_stock_sell_pressure,1912.0
lgbm_all,fwd_ret_3m,2021,z_network_degree,2150.0
lgbm_all,fwd_ret_3m,2021,z_network_weighted_degree,1906.0
lgbm_all,fwd_ret_3m,2021,z_network_peer_sell_pressure,783.0
lgbm_all,fwd_ret_3m,2021,z_mktcap_proxy,2202.0
lgbm_all,fwd_ret_3m,2021,z_vol,2241.0
lgbm_all,fwd_ret_3m,2021,z_fragility_proxy_x_stock_sell_pressure,391.0
lgbm_all,fwd_ret_3m,2021,z_fragility_proxy_x_network_peer_sell_pressure,397.0
lgbm_all,fwd_ret_3m,2021,z_owner_hhi_x_stock_sell_pressure,639.0
lgbm_all,fwd_ret_3m,2021,z_network_weighted_degree_x_network_peer_sell_pressure,370.0
lgbm_no_network,fwd_ret_3m,2021,z_owner_count,427.0
lgbm_no_network,fwd_ret_3m,2021,z_owner_hhi,370.0
lgbm_no_network,fwd_ret_3m,2021,z_top_owner_share,113.0
lgbm_no_network,fwd_ret_3m,2021,z_fragility_proxy,196.0
lgbm_no_network,fwd_ret_3m,2021,z_avg_manager_breadth,167.0
lgbm_no_network,fwd_ret_3m,2021,z_stock_sell_pressure,585.0
lgbm_no_network,fwd_ret_3m,2021,z_mktcap_proxy,586.0
lgbm_no_network,fwd_ret_3m,2021,z_vol,557.0
lgbm_no_network,fwd_ret_3m,2021,z_fragility_proxy_x_stock_sell_pressure,44.0
lgbm_no_network,fwd_ret_3m,2021,z_owner_hhi_x_stock_sell_pressure,165.0
lgbm_network_pressure,fwd_ret_3m,2021,z_stock_sell_pressure,2626.0
lgbm_network_pressure,fwd_ret_3m,2021,z_network_degree,2479.0
lgbm_network_pressure,fwd_ret_3m,2021,z_network_weighted_degree,2432.0
lgbm_network_pressure,fwd_ret_3m,2021,z_network_peer_sell_pressure,1267.0
lgbm_network_pressure,fwd_ret_3m,2021,z_fragility_proxy_x_stock_sell_pressure,958.0
lgbm_network_pressure,fwd_ret_3m,2021,z_fragility_proxy_x_network_peer_sell_pressure,839.0
lgbm_network_pressure,fwd_ret_3m,2021,z_owner_hhi_x_stock_sell_pressure,1250.0
lgbm_network_pressure,fwd_ret_3m,2021,z_network_weighted_degree_x_network_peer_sell_pressure,779.0
ridge_all,fwd_ret_3m,2022,z_owner_count,0.003089612815529108
ridge_all,fwd_ret_3m,2022,z_owner_hhi,0.005514632444828749
ridge_all,fwd_ret_3m,2022,z_top_owner_share,0.007410759571939707
ridge_all,fwd_ret_3m,2022,z_fragility_proxy,0.005252559669315815
ridge_all,fwd_ret_3m,2022,z_avg_manager_breadth,0.008544244803488255
ridge_all,fwd_ret_3m,2022,z_stock_sell_pressure,0.08841880410909653
ridge_all,fwd_ret_3m,2022,z_network_degree,0.012628416530787945
ridge_all,fwd_ret_3m,2022,z_network_weighted_degree,0.0037206164561212063
ridge_all,fwd_ret_3m,2022,z_network_peer_sell_pressure,0.008056124672293663
ridge_all,fwd_ret_3m,2022,z_mktcap_proxy,0.0005697034066542983
ridge_all,fwd_ret_3m,2022,z_vol,0.017320584505796432
ridge_all,fwd_ret_3m,2022,z_fragility_proxy_x_stock_sell_pressure,0.011641251854598522
ridge_all,fwd_ret_3m,2022,z_fragility_proxy_x_network_peer_sell_pressure,0.0018591065891087055
ridge_all,fwd_ret_3m,2022,z_owner_hhi_x_stock_sell_pressure,0.04430514574050903
ridge_all,fwd_ret_3m,2022,z_network_weighted_degree_x_network_peer_sell_pressure,0.003849785542115569
lgbm_all,fwd_ret_3m,2022,z_owner_count,1376.0
lgbm_all,fwd_ret_3m,2022,z_owner_hhi,1066.0
lgbm_all,fwd_ret_3m,2022,z_top_owner_share,541.0
lgbm_all,fwd_ret_3m,2022,z_fragility_proxy,728.0
lgbm_all,fwd_ret_3m,2022,z_avg_manager_breadth,822.0
lgbm_all,fwd_ret_3m,2022,z_stock_sell_pressure,1753.0
lgbm_all,fwd_ret_3m,2022,z_network_degree,1967.0
lgbm_all,fwd_ret_3m,2022,z_network_weighted_degree,1767.0
lgbm_all,fwd_ret_3m,2022,z_network_peer_sell_pressure,706.0
lgbm_all,fwd_ret_3m,2022,z_mktcap_proxy,2050.0
lgbm_all,fwd_ret_3m,2022,z_vol,2101.0
lgbm_all,fwd_ret_3m,2022,z_fragility_proxy_x_stock_sell_pressure,370.0
lgbm_all,fwd_ret_3m,2022,z_fragility_proxy_x_network_peer_sell_pressure,349.0
lgbm_all,fwd_ret_3m,2022,z_owner_hhi_x_stock_sell_pressure,579.0
lgbm_all,fwd_ret_3m,2022,z_network_weighted_degree_x_network_peer_sell_pressure,325.0
lgbm_no_network,fwd_ret_3m,2022,z_owner_count,87.0
lgbm_no_network,fwd_ret_3m,2022,z_owner_hhi,72.0
lgbm_no_network,fwd_ret_3m,2022,z_top_owner_share,21.0
lgbm_no_network,fwd_ret_3m,2022,z_fragility_proxy,23.0
lgbm_no_network,fwd_ret_3m,2022,z_avg_manager_breadth,29.0
lgbm_no_network,fwd_ret_3m,2022,z_stock_sell_pressure,148.0
lgbm_no_network,fwd_ret_3m,2022,z_mktcap_proxy,115.0
lgbm_no_network,fwd_ret_3m,2022,z_vol,142.0
lgbm_no_network,fwd_ret_3m,2022,z_fragility_proxy_x_stock_sell_pressure,8.0
lgbm_no_network,fwd_ret_3m,2022,z_owner_hhi_x_stock_sell_pressure,45.0
lgbm_network_pressure,fwd_ret_3m,2022,z_stock_sell_pressure,3122.0
lgbm_network_pressure,fwd_ret_3m,2022,z_network_degree,3049.0
lgbm_network_pressure,fwd_ret_3m,2022,z_network_weighted_degree,3005.0
lgbm_network_pressure,fwd_ret_3m,2022,z_network_peer_sell_pressure,1621.0
lgbm_network_pressure,fwd_ret_3m,2022,z_fragility_proxy_x_stock_sell_pressure,1202.0
lgbm_network_pressure,fwd_ret_3m,2022,z_fragility_proxy_x_network_peer_sell_pressure,1080.0
lgbm_network_pressure,fwd_ret_3m,2022,z_owner_hhi_x_stock_sell_pressure,1565.0
lgbm_network_pressure,fwd_ret_3m,2022,z_network_weighted_degree_x_network_peer_sell_pressure,1016.0
ridge_all,fwd_ret_3m,2023,z_owner_count,0.0035673286765813828
ridge_all,fwd_ret_3m,2023,z_owner_hhi,0.002268014708533883
ridge_all,fwd_ret_3m,2023,z_top_owner_share,0.003810351015999913
ridge_all,fwd_ret_3m,2023,z_fragility_proxy,0.005628523416817188
ridge_all,fwd_ret_3m,2023,z_avg_manager_breadth,0.008533450774848461
ridge_all,fwd_ret_3m,2023,z_stock_sell_pressure,0.10521911829710007
ridge_all,fwd_ret_3m,2023,z_network_degree,0.012567904777824879
ridge_all,fwd_ret_3m,2023,z_network_weighted_degree,0.004409746266901493
ridge_all,fwd_ret_3m,2023,z_network_peer_sell_pressure,0.006410364992916584
ridge_all,fwd_ret_3m,2023,z_mktcap_proxy,0.0002072868956020102
ridge_all,fwd_ret_3m,2023,z_vol,0.01564684696495533
ridge_all,fwd_ret_3m,2023,z_fragility_proxy_x_stock_sell_pressure,0.012612988241016865
ridge_all,fwd_ret_3m,2023,z_fragility_proxy_x_network_peer_sell_pressure,0.0009384765871800482
ridge_all,fwd_ret_3m,2023,z_owner_hhi_x_stock_sell_pressure,0.049981970340013504
ridge_all,fwd_ret_3m,2023,z_network_weighted_degree_x_network_peer_sell_pressure,0.005396914668381214
lgbm_all,fwd_ret_3m,2023,z_owner_count,873.0
lgbm_all,fwd_ret_3m,2023,z_owner_hhi,764.0
lgbm_all,fwd_ret_3m,2023,z_top_owner_share,240.0
lgbm_all,fwd_ret_3m,2023,z_fragility_proxy,418.0
lgbm_all,fwd_ret_3m,2023,z_avg_manager_breadth,475.0
lgbm_all,fwd_ret_3m,2023,z_stock_sell_pressure,1380.0
lgbm_all,fwd_ret_3m,2023,z_network_degree,1268.0
lgbm_all,fwd_ret_3m,2023,z_network_weighted_degree,1167.0
lgbm_all,fwd_ret_3m,2023,z_network_peer_sell_pressure,516.0
lgbm_all,fwd_ret_3m,2023,z_mktcap_proxy,1471.0
lgbm_all,fwd_ret_3m,2023,z_vol,1320.0
lgbm_all,fwd_ret_3m,2023,z_fragility_proxy_x_stock_sell_pressure,172.0
lgbm_all,fwd_ret_3m,2023,z_fragility_proxy_x_network_peer_sell_pressure,136.0
lgbm_all,fwd_ret_3m,2023,z_owner_hhi_x_stock_sell_pressure,375.0
lgbm_all,fwd_ret_3m,2023,z_network_weighted_degree_x_network_peer_sell_pressure,165.0
lgbm_no_network,fwd_ret_3m,2023,z_owner_count,2697.0
lgbm_no_network,fwd_ret_3m,2023,z_owner_hhi,2122.0
lgbm_no_network,fwd_ret_3m,2023,z_top_owner_share,1096.0
lgbm_no_network,fwd_ret_3m,2023,z_fragility_proxy,1417.0
lgbm_no_network,fwd_ret_3m,2023,z_avg_manager_breadth,1522.0
lgbm_no_network,fwd_ret_3m,2023,z_stock_sell_pressure,2370.0
lgbm_no_network,fwd_ret_3m,2023,z_mktcap_proxy,3195.0
lgbm_no_network,fwd_ret_3m,2023,z_vol,3102.0
lgbm_no_network,fwd_ret_3m,2023,z_fragility_proxy_x_stock_sell_pressure,568.0
lgbm_no_network,fwd_ret_3m,2023,z_owner_hhi_x_stock_sell_pressure,841.0
lgbm_network_pressure,fwd_ret_3m,2023,z_stock_sell_pressure,170.0
lgbm_network_pressure,fwd_ret_3m,2023,z_network_degree,119.0
lgbm_network_pressure,fwd_ret_3m,2023,z_network_weighted_degree,92.0
lgbm_network_pressure,fwd_ret_3m,2023,z_network_peer_sell_pressure,60.0
lgbm_network_pressure,fwd_ret_3m,2023,z_fragility_proxy_x_stock_sell_pressure,20.0
lgbm_network_pressure,fwd_ret_3m,2023,z_fragility_proxy_x_network_peer_sell_pressure,9.0
lgbm_network_pressure,fwd_ret_3m,2023,z_owner_hhi_x_stock_sell_pressure,66.0
lgbm_network_pressure,fwd_ret_3m,2023,z_network_weighted_degree_x_network_peer_sell_pressure,4.0
ridge_all,fwd_ret_3m,2024,z_owner_count,0.006081335246562958
ridge_all,fwd_ret_3m,2024,z_owner_hhi,0.005139875691384077
ridge_all,fwd_ret_3m,2024,z_top_owner_share,0.004398358520120382
ridge_all,fwd_ret_3m,2024,z_fragility_proxy,0.006969268899410963
ridge_all,fwd_ret_3m,2024,z_avg_manager_breadth,0.009949803352355957
ridge_all,fwd_ret_3m,2024,z_stock_sell_pressure,0.10196955502033234
ridge_all,fwd_ret_3m,2024,z_network_degree,0.01579420082271099
ridge_all,fwd_ret_3m,2024,z_network_weighted_degree,0.003442351706326008
ridge_all,fwd_ret_3m,2024,z_network_peer_sell_pressure,0.00648695882409811
ridge_all,fwd_ret_3m,2024,z_mktcap_proxy,0.00014874160115141422
ridge_all,fwd_ret_3m,2024,z_vol,0.012252923101186752
ridge_all,fwd_ret_3m,2024,z_fragility_proxy_x_stock_sell_pressure,0.012172985821962357
ridge_all,fwd_ret_3m,2024,z_fragility_proxy_x_network_peer_sell_pressure,0.0007578503573313355
ridge_all,fwd_ret_3m,2024,z_owner_hhi_x_stock_sell_pressure,0.04826657846570015
ridge_all,fwd_ret_3m,2024,z_network_weighted_degree_x_network_peer_sell_pressure,0.006471197120845318
lgbm_all,fwd_ret_3m,2024,z_owner_count,5.0
lgbm_all,fwd_ret_3m,2024,z_owner_hhi,10.0
lgbm_all,fwd_ret_3m,2024,z_top_owner_share,1.0
lgbm_all,fwd_ret_3m,2024,z_fragility_proxy,2.0
lgbm_all,fwd_ret_3m,2024,z_avg_manager_breadth,3.0
lgbm_all,fwd_ret_3m,2024,z_stock_sell_pressure,10.0
lgbm_all,fwd_ret_3m,2024,z_network_degree,12.0
lgbm_all,fwd_ret_3m,2024,z_network_weighted_degree,3.0
lgbm_all,fwd_ret_3m,2024,z_network_peer_sell_pressure,2.0
lgbm_all,fwd_ret_3m,2024,z_mktcap_proxy,17.0
lgbm_all,fwd_ret_3m,2024,z_vol,22.0
lgbm_all,fwd_ret_3m,2024,z_fragility_proxy_x_stock_sell_pressure,0.0
lgbm_all,fwd_ret_3m,2024,z_fragility_proxy_x_network_peer_sell_pressure,1.0
lgbm_all,fwd_ret_3m,2024,z_owner_hhi_x_stock_sell_pressure,2.0
lgbm_all,fwd_ret_3m,2024,z_network_weighted_degree_x_network_peer_sell_pressure,0.0
lgbm_no_network,fwd_ret_3m,2024,z_owner_count,579.0
lgbm_no_network,fwd_ret_3m,2024,z_owner_hhi,515.0
lgbm_no_network,fwd_ret_3m,2024,z_top_owner_share,102.0
lgbm_no_network,fwd_ret_3m,2024,z_fragility_proxy,273.0
lgbm_no_network,fwd_ret_3m,2024,z_avg_manager_breadth,290.0
lgbm_no_network,fwd_ret_3m,2024,z_stock_sell_pressure,838.0
lgbm_no_network,fwd_ret_3m,2024,z_mktcap_proxy,857.0
lgbm_no_network,fwd_ret_3m,2024,z_vol,832.0
lgbm_no_network,fwd_ret_3m,2024,z_fragility_proxy_x_stock_sell_pressure,53.0
lgbm_no_network,fwd_ret_3m,2024,z_owner_hhi_x_stock_sell_pressure,191.0
lgbm_network_pressure,fwd_ret_3m,2024,z_stock_sell_pressure,0.0
lgbm_network_pressure,fwd_ret_3m,2024,z_network_degree,7.0
lgbm_network_pressure,fwd_ret_3m,2024,z_network_weighted_degree,9.0
lgbm_network_pressure,fwd_ret_3m,2024,z_network_peer_sell_pressure,1.0
lgbm_network_pressure,fwd_ret_3m,2024,z_fragility_proxy_x_stock_sell_pressure,2.0
lgbm_network_pressure,fwd_ret_3m,2024,z_fragility_proxy_x_network_peer_sell_pressure,0.0
lgbm_network_pressure,fwd_ret_3m,2024,z_owner_hhi_x_stock_sell_pressure,11.0
lgbm_network_pressure,fwd_ret_3m,2024,z_network_weighted_degree_x_network_peer_sell_pressure,0.0
